date,text,close,change
2021-07-09,Solar + Powerwall battery ensures that your home never loses power,656.950012207031,4.1400146484375
2021-07-09,"Tesla Solar Roof + Powerwall in major new housing development in Austin
https://t.co/u7NJAswFW2",656.950012207031,4.1400146484375
2021-07-09,"Autonomous SpaceX droneship,
A Shortfall of Gravitas https://t.co/hNZ5U7nxUg",656.950012207031,4.1400146484375
2021-07-09,RT @ElectrekCo: I just bought my very first Tesla. Here's what happened https://t.co/pjZ6aPzjO6 by @michelle0728,656.950012207031,4.1400146484375
2021-07-08,Maybe that movie gaslit us all,652.809997558594,8.15997314453125
2021-07-08,Listening to History of English podcast,652.809997558594,8.15997314453125
2021-07-08,Tropic Thunder is so good,652.809997558594,8.15997314453125
2021-07-08,Gas lit by gas light üí°,652.809997558594,8.15997314453125
2021-07-08,"Also, the British legal system in 2021 https://t.co/ITY6jyeDLM",652.809997558594,8.15997314453125
2021-07-08,I love this ü§£ü§£ https://t.co/UuyxsLVDQ7,652.809997558594,8.15997314453125
2021-07-07,Supersonic shock wave,644.650024414063,-14.9299926757813
2021-07-07,https://t.co/O3BGaFuMDO,644.650024414063,-14.9299926757813
2021-07-07,High res landing Falcon landing video https://t.co/8CPuH87JYv,644.650024414063,-14.9299926757813
2021-07-06,https://t.co/TQZ9QvcwH1,659.580017089844,-19.3200073242188
2021-07-02,https://t.co/oGKHhHROQa,678.900024414063,0.98004150390625
2021-07-02,"Congrats Tesla Team on over 200,000 car built &amp; delivered in Q2, despite many challenges!!",678.900024414063,0.98004150390625
2021-07-02,https://t.co/g9F1p0bpr8,678.900024414063,0.98004150390625
2021-07-01,Super Heavy on road &amp; 7th Tower segment added https://t.co/SJIHA3BLhL,677.919982910156,-1.780029296875
2021-07-01,Super Heavy moves tomorrow https://t.co/qHG1SYO46S,677.919982910156,-1.780029296875
2021-07-01,"Baby Doge, doo, doo, doo, doo, doo,
Baby Doge, doo, doo, doo, doo, doo,
Baby Doge, doo, doo, doo, doo, doo,
Baby Doge",677.919982910156,-1.780029296875
2021-07-01,Release the Doge! https://t.co/9bXCWQLIhu,677.919982910156,-1.780029296875
2021-07-01,Stop gendering memes ‚Ä¶ I mean mimes,677.919982910156,-1.780029296875
2021-07-01,RT @SpaceX: Tracking footage of Falcon 9 landing on LZ-1 https://t.co/uCR2ZuDSG7,677.919982910156,-1.780029296875
2021-06-30,"Rapidly Reusable Rockets, R R R üè¥‚Äç‚ò†Ô∏è",679.700012207031,-1.05999755859375
2021-06-30,RT @SpaceX: Falcon 9‚Äôs first stage has landed on Landing Zone 1! https://t.co/26M9Ptomg7,679.700012207031,-1.05999755859375
2021-06-30,RT @SpaceX: Liftoff! https://t.co/0icqQUWNSH,679.700012207031,-1.05999755859375
2021-06-30,RT @SpaceX: Watch Falcon 9 launch 88 spacecraft to orbit ‚Üí https://t.co/bJFjLCzWdK https://t.co/y3JRM5cDd3,679.700012207031,-1.05999755859375
2021-06-29,RT @SpaceX: Live webcast of the Transporter-2 mission ‚Üí https://t.co/bJFjLCzWdK https://t.co/ai5Mq5ytdv,680.760009765625,-7.9599609375
2021-06-29,"RT @SpaceX: Falcon 9 and 88 spacecraft are vertical on pad 40 ahead of today‚Äôs launch. The 58-minute window opens at 2:56 p.m. EDT, and the‚Ä¶",680.760009765625,-7.9599609375
2021-06-28,Thanks for all the happy birthday wishes!,688.719970703125,16.8499755859375
2021-06-25,"All 72 orbital planes activate in August, plus many other improvements, enabling global coverage, except for polar regions, which will take another 6 months",671.869995117188,-7.95001220703125
2021-06-25,"Starlink simultaneously active users just exceeded the strategically important threshold of 69,420 last night!",671.869995117188,-7.95001220703125
2021-06-25,My Shiba Inu will be named Floki,671.869995117188,-7.95001220703125
2021-06-25,Timing is everything https://t.co/B6HDB5kS4G,671.869995117188,-7.95001220703125
2021-06-25,"RT @m_tijn: Accidentally deleted this tweet, so here it is again!
#EpicRocketRender #liftoff #spaceX #launchTower #Blender3d https://t.co/Q‚Ä¶",671.869995117188,-7.95001220703125
2021-06-25,RT @archillect: https://t.co/vVjYch9uvb,671.869995117188,-7.95001220703125
2021-06-25,‚ÄúThat‚Äôs not funny!‚Äù ‚Äì Bitcoin maxis,671.869995117188,-7.95001220703125
2021-06-25,How many Bitcoin maxis does it take to screw in a lightbulb?,671.869995117188,-7.95001220703125
2021-06-24,Shout out to the awesome Tesla global team. Thanks for working so hard to make Tesla successful!,679.820007324219,23.25
2021-06-22,RT @SpaceX: View from the droneship of Falcon 9‚Äôs landing https://t.co/vk9KP2vPhC,623.710021972656,2.8800048828125
2021-06-22,RT @teslacn: 5000 kms with 27 Supercharger StationsüëâTesla opens the longest Supercharger route from east to west in China‚ö°Ô∏è#TheSilkRoute @T‚Ä¶,623.710021972656,2.8800048828125
2021-06-21,"Looking at holding Tesla AI Day in about a month or so. Will go over progress with Tesla AI software &amp; hardware, both training &amp; inference. Purpose is recruiting.",620.830017089844,-2.47998046875
2021-06-21,RT @SpaceX: Falcon 9's first stage returns to Earth and lands on the Just Read the Instructions droneship after launch of GPS III-5 https:/‚Ä¶,620.830017089844,-2.47998046875
2021-06-17,Real pic of 2 ships next to Starbase Tiki Bar on right https://t.co/E4awziEdDQ,616.599975585938,11.72998046875
2021-06-17,"RT @SpaceX: Falcon 9‚Äôs first stage has landed on the Just Read the Instructions droneship, completing this booster‚Äôs second GPS III flight‚Ä¶",616.599975585938,11.72998046875
2021-06-17,RT @SpaceX: Deployment of GPS III-5 confirmed https://t.co/bMWn5OVr40,616.599975585938,11.72998046875
2021-06-17,RT @SpaceX: Flight-proven Falcon 9 launches GPS III-5 to orbit https://t.co/5Wu96cXCPM,616.599975585938,11.72998046875
2021-06-17,RT @MotorTrend: We head to Auto Club Famoso Raceway to test out how long it takes the 2022 @Tesla Model S Plaid to go from 0 to 60 mph. Tes‚Ä¶,616.599975585938,11.72998046875
2021-06-16,Let‚Äôs just skip original video games &amp; movies &amp; go straight to the sequel,604.869995117188,5.510009765625
2021-06-15,From the top of Starbase high bay https://t.co/kRtJBrwrqW,599.359985351563,-18.3300170898438
2021-06-15,RT @cleantechnica: Jay Leno Breaks World Record In Tesla‚Äôs New Plaid Model S ‚Äî ‚ÄúI Love This¬†Car‚Äù https://t.co/Rxd7VNIZpx,599.359985351563,-18.3300170898438
2021-06-15,Stacking Super Heavy Aft Section https://t.co/itydacQ4hM,599.359985351563,-18.3300170898438
2021-06-14,K is Kindred,617.690002441406,7.79998779296875
2021-06-14,Could turn out to be one big Philip K Dick joke in the end,617.690002441406,7.79998779296875
2021-06-14,"Pluto takes 248 years to orbit the sun, but Uranus only takes 84",617.690002441406,7.79998779296875
2021-06-14,!! https://t.co/3H9gMEmSLF,617.690002441406,7.79998779296875
2021-06-14,This is true https://t.co/72u3SrBf6U,617.690002441406,7.79998779296875
2021-06-14,Our Soul Dichotomy https://t.co/D4PC5XK2VK,617.690002441406,7.79998779296875
2021-06-11,Plaid release event https://t.co/TxIHXnuw9A,609.890014648438,-0.22998046875
2021-06-11,"Most amount of fun on 4 wheels!
Pure joy on tap whenever u want.",609.890014648438,-0.22998046875
2021-06-11,Order Tesla Model S Plaid at https://t.co/LuUhICqQEI,609.890014648438,-0.22998046875
2021-06-07,"RT @Tesla: Model S Plaid delivery event at our Fremont factory will be streamed live on June 10, 7pm Pacific https://t.co/V7c77ySFti",605.130004882813,6.08001708984375
2021-06-04,"Canada
USA
Mexico",599.049987792969,26.2099609375
2021-06-04,https://t.co/MLhu6oOwgc,599.049987792969,26.2099609375
2021-06-04,#Bitcoin üíî https://t.co/lNnEfMdtJf,599.049987792969,26.2099609375
2021-06-03,RT @SpaceX: Webcast of Falcon 9 launch of Dragon is now live ‚Üí https://t.co/bJFjLCzWdK https://t.co/DqmJojsOMO,572.840026855469,-32.2799682617188
2021-06-03,RT @SpaceX: Falcon 9 and Dragon went vertical on the pad last night ahead of tomorrow‚Äôs launch ‚Üí https://t.co/bJFjLCzWdK https://t.co/8KDby‚Ä¶,572.840026855469,-32.2799682617188
2021-06-03,"RT @SpaceX: Beginning early next year, SpaceX will carry four @Axiom_Space crews to and from the @space_station ‚Üí https://t.co/yq6mryOFeS h‚Ä¶",572.840026855469,-32.2799682617188
2021-06-02,Found this pic of me as a child https://t.co/hUEKluRAdP,605.119995117188,-18.780029296875
2021-06-01,RT @SpaceX: Falcon 9 and Dragon roll out to Launch Complex 39A ahead of Dragon's 22nd cargo resupply mission to the @Space_Station https://‚Ä¶,623.900024414063,-1.3199462890625
2021-05-28,https://t.co/0YDXE4KJlP,625.219970703125,-5.6300048828125
2021-05-28,"Ship 16 &amp; Booster 2, Starbase Highbay https://t.co/IUuidOw9ym",625.219970703125,-5.6300048828125
2021-05-27,RT @Tesla: Just surpassed 200k Powerwall installs globally üîãüè°‚òÄÔ∏è,630.849975585938,11.719970703125
2021-05-26,"RT @Tesla: If you want to help cover Giga Berlin in awesome graffiti art, send us your work at GigaBerlinArt@Tesla.com",619.130004882813,14.4400024414063
2021-05-26,RT @SpaceX: Today's flight will mark the 40th time SpaceX has reflown Falcon fairing halves since November 2019,619.130004882813,14.4400024414063
2021-05-26,RT @SpaceX: Watch Falcon 9 launch 60 Starlink satellites to orbit ‚Üí https://t.co/bJFjLCzWdK  https://t.co/IF1aGLTBbb,619.130004882813,14.4400024414063
2021-05-26,"If only they had spaceships, they‚Äôd still be around",619.130004882813,14.4400024414063
2021-05-26,Deep thots https://t.co/J5mJff7IIL,619.130004882813,14.4400024414063
2021-05-24,"Someone suggested changing Dogecoin fees based on phases of the moon, which is pretty awesome haha",606.440002441406,25.5599975585938
2021-05-24,"If you‚Äôd like to help develop Doge, please submit ideas on GitHub &amp; https://t.co/liAPQMFaQB @dogecoin_devs",606.440002441406,25.5599975585938
2021-05-24,Spoke with North American Bitcoin miners. They committed to publish current &amp; planned renewable usage &amp; to ask miners WW to do so. Potentially promising.,606.440002441406,25.5599975585938
2021-05-20,How much is that Doge in the window? https://t.co/bxTkWOr50V,586.780029296875,23.3200073242188
2021-05-20,"Tesla Model S Plaid delivery event
June 3 at our California factory

Fastest production car ever
0 to 60mph in under 2 secs",586.780029296875,23.3200073242188
2021-05-19,Credit to our Master of Coin,563.460021972656,-14.4099731445313
2021-05-19,Tesla has üíé üôå,563.460021972656,-14.4099731445313
2021-05-18,"Aiming for extreme precision with next gen Model Y ‚Äì microns, not millimeters",577.869995117188,1.03997802734375
2021-05-18,Giga Berlin suppliers please accelerate!,577.869995117188,1.03997802734375
2021-05-18,https://t.co/13m1KHFMjv,577.869995117188,1.03997802734375
2021-05-14,RT @Tesla: Configurator now live in Hungary üá≠üá∫ &amp; Romania üá∑üá¥,589.739990234375,18.0499877929688
2021-05-14,RT @SpaceX: SpaceX‚Äôs fifth high-altitude flight test of Starship from Starbase in Texas https://t.co/FnrXuHpsVj,589.739990234375,18.0499877929688
2021-05-13,As always https://t.co/gtFmtokzEZ,571.690002441406,-18.2000122070313
2021-05-13,Working with Doge devs to improve system transaction efficiency. Potentially promising.,571.690002441406,-18.2000122070313
2021-05-13,"To be clear, I strongly believe in crypto, but it can‚Äôt drive a massive increase in fossil fuel use, especially coal",571.690002441406,-18.2000122070313
2021-05-13,It is high time there was a carbon tax!,571.690002441406,-18.2000122070313
2021-05-13,Energy usage trend over past few months is insane https://t.co/E6o9s87trw https://t.co/bmv9wotwKe,571.690002441406,-18.2000122070313
2021-05-12,Tesla &amp; Bitcoin https://t.co/YSswJmVZhP,589.890014648438,-27.3099975585938
2021-05-11,Do you want Tesla to accept Doge?,617.200012207031,-11.8399658203125
2021-05-11,"SNL Monologue
https://t.co/b2cvFGqVFF",617.200012207031,-11.8399658203125
2021-05-10,"Thanks again to @nbcsnl cast, writers &amp; crew! Honor &amp; pleasure to do the show with you.",629.039978027344,-43.3300170898438
2021-05-07,Guest starring ‚Ä¶ https://t.co/buM3bTOWbX,672.369995117188,8.83001708984375
2021-05-07,https://t.co/DlQtmfjKqL,672.369995117188,8.83001708984375
2021-05-07,"RT @nbcsnl: ELON MUSK. MILEY CYRUS.
THIS SATURDAY https://t.co/6miGBj90XJ",672.369995117188,8.83001708984375
2021-05-07,"Cryptocurrency is promising, but please invest with caution! https://t.co/A4kplcP8Vq",672.369995117188,8.83001708984375
2021-05-06,Make humanity a multiplanet species!,663.539978027344,-7.4000244140625
2021-05-06,Public support for life on Mars is critical to making it happen,663.539978027344,-7.4000244140625
2021-05-06,RT @nbcsnl: https://t.co/qmIQF3fq5q,663.539978027344,-7.4000244140625
2021-05-05,Starship landing nominal!,670.940002441406,-2.65997314453125
2021-05-05,About to launch https://t.co/t4nki8vU4E,670.940002441406,-2.65997314453125
2021-05-04,RT @SpaceX: Falcon 9‚Äôs first stage has landed on the Of Course I Still Love You droneship ‚Äì the 9th landing of this booster https://t.co/wz‚Ä¶,673.599975585938,-11.300048828125
2021-05-04,RT @SpaceX: Watch Falcon 9 launch 60 Starlink satellites ‚Üí https://t.co/bJFjLCzWdK  https://t.co/zXwBMcXUDJ,673.599975585938,-11.300048828125
2021-05-04,RT @SpaceX: #MayThe4thBeWithYou https://t.co/1T7aXNZgkD,673.599975585938,-11.300048828125
2021-04-29,"A major part of real-world AI has to be solved to make unsupervised, generalized full self-driving work, as the entire road system is designed for biological neural nets with optical imagers",677,-17.4000244140625
2021-04-29,"RT @SpaceX: Falcon 9‚Äôs first stage has landed on the Just Read the Instructions droneship, completing this booster‚Äôs seventh launch and lan‚Ä¶",677,-17.4000244140625
2021-04-28,"‚ô•Ô∏è
https://t.co/juLuKlymEX",694.400024414063,-10.3399658203125
2021-04-28,"The Dogefather
SNL May 8",694.400024414063,-10.3399658203125
2021-04-27,"Starship SN15 static fire completed, preparing for flight later this week",704.739990234375,-33.4600219726563
2021-04-26,RT @Space_Station: The @SpaceX Crew-1 astronauts will soon soar back to Earth and parachute to a splashdown off the coast of Florida. They‚Ä¶,738.200012207031,8.79998779296875
2021-04-23,RT @SpaceX: Dragon has separated from Falcon 9‚Äôs second stage and is on its way to the @space_station! Autonomous docking tomorrow at ~5:10‚Ä¶,729.400024414063,9.71002197265625
2021-04-23,2 mins to launch https://t.co/q9nXKRrXpw,729.400024414063,9.71002197265625
2021-04-23,Astronauts preparing to launch to @Space_Station https://t.co/WBkaDZexEc,729.400024414063,9.71002197265625
2021-04-22,RT @xprize: Elon Musk and Peter Diamandis LIVE on $100M XPRIZE Carbon Removal https://t.co/M2ruxS0Zxt,719.690002441406,-24.4299926757813
2021-04-22,üåçüåéüåè Happy Earth Day üåçüåéüåè,719.690002441406,-24.4299926757813
2021-04-22,RT @SpaceX: All systems and weather are looking good for Falcon 9‚Äôs launch of Dragon with four astronauts on board. Webcast will go live to‚Ä¶,719.690002441406,-24.4299926757813
2021-04-22,Tesla Solar + Powerwall battery enables consumers to be their own utility,719.690002441406,-24.4299926757813
2021-04-22,"Powerwall 2 peak &amp; steady power capability is better than advertised. 

Now that we have lots of operational data, Tesla can unlock higher capabilities for free via software update next month. 

Depending on production date, power increase power may be &gt;50% at 30C ambient temp.",719.690002441406,-24.4299926757813
2021-04-22,"Solar power will feed exclusively to Powerwall. Powerwall will interface only between utility meter &amp; house main breaker panel, enabling super simple install &amp; seamless whole house backup during utility dropouts.",719.690002441406,-24.4299926757813
2021-04-22,"Starting next week, Tesla Solar Panels &amp; Solar Roof will only be sold as an integrated product *with* Tesla Powerwall battery",719.690002441406,-24.4299926757813
2021-04-21,"RT @Commercial_Crew: Launch Update üöÄ @NASA and @SpaceX now are targeting Friday, April 23 at 5:49 a.m. ET for the launch of the Crew-2 miss‚Ä¶",744.119995117188,25.1300048828125
2021-04-20,RT @SpaceX: Falcon 9 and Dragon are looking good for flight of Crew-2 astronauts; teams are keeping an eye on launch site and downrange wea‚Ä¶,718.989990234375,4.3599853515625
2021-04-16,We are honored to be part of the @NASAArtemis team,739.780029296875,0.9300537109375
2021-04-16,üöÄüñ§üí´ NASA Rules!! üí´üñ§üöÄ https://t.co/hmeGx2peZ6,739.780029296875,0.9300537109375
2021-04-16,üëÄ,739.780029296875,0.9300537109375
2021-04-16,RT @Tesla: Cybertruck at Giga Texas https://t.co/c1RuektPnN,739.780029296875,0.9300537109375
2021-04-16,üé∏üé∏ Austin Rocks!! üé∏ üé∏,739.780029296875,0.9300537109375
2021-04-16,Make life multiplanetary! #Mars,739.780029296875,0.9300537109375
2021-04-15,Doge Barking at the Moon https://t.co/QFB81D7zOL,738.849975585938,6.6199951171875
2021-04-15,Le Petit Prince,738.849975585938,6.6199951171875
2021-04-15,"‚òæ

           üî≠ñ®Ü‚ô°",738.849975585938,6.6199951171875
2021-04-14,Tesla AI/Autopilot engineering is awesome! Making excellent progress solving real-world AI.,732.22998046875,-30.0900268554688
2021-04-09,It‚Äôs all about the cufflinks https://t.co/elccqC0Zuf,677.02001953125,-6.77996826171875
2021-04-09,Thanks to all that helped SpaceX!,677.02001953125,-6.77996826171875
2021-04-09,Just read it. Book is accurate. https://t.co/3bI9Vw8iP1,677.02001953125,-6.77996826171875
2021-04-09,https://t.co/XeQursZpvq,677.02001953125,-6.77996826171875
2021-04-09,Soon our monkey will be on twitch &amp; discord haha,677.02001953125,-6.77996826171875
2021-04-09,A monkey is literally playing a video game telepathically using a brain chip!!,677.02001953125,-6.77996826171875
2021-04-09,"The device is implanted flush with skull &amp; charges wirelessly, so you look &amp; feel totally normal",677.02001953125,-6.77996826171875
2021-04-09,"Later versions will be able to shunt signals from Neuralinks in brain to Neuralinks in body motor/sensory neuron clusters, thus enabling, for example, paraplegics to walk again",677.02001953125,-6.77996826171875
2021-04-09,First @Neuralink product will enable someone with paralysis to use a smartphone with their mind faster than someone using thumbs,677.02001953125,-6.77996826171875
2021-04-09,Monkey plays Pong with his mind https://t.co/35NIFm4C7T,677.02001953125,-6.77996826171875
2021-04-08,Thanks Tesla suppliers for providing us with critical parts!,683.799987792969,12.8300170898438
2021-04-07,"To be clear, I do support vaccines in general &amp; covid vaccines specifically. The science is unequivocal. 

In very rare cases, there is an allergic reaction, but this is easily addressed with an EpiPen.",670.969970703125,-20.6500244140625
2021-04-07,"RT @SpaceX: Deployment of 60 Starlink satellites confirmed, completing SpaceX‚Äôs 10th mission this year https://t.co/c15BveB3QE",670.969970703125,-20.6500244140625
2021-04-06,‚ÄúTanks for the memery!‚Äù ‚Äì Panzer of the Lake,691.619995117188,0.57000732421875
2021-04-05,"The Earth is not flat, it‚Äôs a hollow globe &amp; Donkey King lives there!",691.049987792969,29.2999877929688
2021-04-05,RT @SpaceX: Dragon is go for the first-ever port relocation flight of a commercial spacecraft https://t.co/qV7AktWsqQ,691.049987792969,29.2999877929688
2021-04-05,"Godzilla vs Kong is so amaze much wow!
Most insane movie I‚Äôve ever seen!
Love letter to conspiracy theorists!
And yet heartwarming in the end.",691.049987792969,29.2999877929688
2021-04-01,SpaceX is going to put a literal Dogecoin on the literal moon,661.75,-6.17999267578125
2021-04-01,Nicheman ‚Äî his superpower is appealing to small audiences,661.75,-6.17999267578125
2021-03-31,"Over 10,000 people are needed for Giga Texas just through 2022!
- 5 mins from airport
-15 mins from downtown
- Right on Colorado river https://t.co/w454iXedxB",667.929992675781,32.3099975585938
2021-03-30,Starbase will grow by several thousand people over the next year or two,635.619995117188,24.3300170898438
2021-03-30,Probably most ‚Äúin space‚Äù you could possibly feel by being in a glass dome https://t.co/SOAIzxVGgX,635.619995117188,24.3300170898438
2021-03-30,Am donating $20M to Cameron County schools &amp; $10M to City of Brownsville for downtown revitalization. Details to follow next week.,635.619995117188,24.3300170898438
2021-03-30,"Please consider moving to Starbase or greater Brownsville/South Padre area in Texas &amp; encourage friends to do so! 

SpaceX‚Äôs hiring needs for engineers, technicians, builders &amp; essential support personnel of all kinds are growing rapidly.",635.619995117188,24.3300170898438
2021-03-29,FAA inspector unable to reach Starbase in time for launch today. Postponed to no earlier than tomorrow.,611.289978027344,-7.4200439453125
2021-03-26,"RT @Tesla: 6,000+ Superchargers across Europe ‚Äî at 600 locations and counting!

üì∏ by @EPavlic, @MinimalDuck &amp; @_better_e https://t.co/Yf36H‚Ä¶",618.710021972656,-21.6799926757813
2021-03-25,"If there‚Äôs ever a scandal about me, *please* call it Elongate",640.390014648438,10.1199951171875
2021-03-25,Don‚Äôt defy DeFi,640.390014648438,10.1199951171875
2021-03-25,Mars rover looking back https://t.co/oaFOCezRuU,640.390014648438,10.1199951171875
2021-03-24,RT @SpaceX: Deployment of 60 Starlink satellites confirmed https://t.co/Xcbrq66Mez,630.27001953125,-31.8899536132813
2021-03-24,Pay by Bitcoin capability available outside US later this year,630.27001953125,-31.8899536132813
2021-03-24,"Tesla is using only internal &amp; open source software &amp; operates Bitcoin nodes directly.

Bitcoin paid to Tesla will be retained as Bitcoin, not converted to fiat currency.",630.27001953125,-31.8899536132813
2021-03-24,You can now buy a Tesla with Bitcoin,630.27001953125,-31.8899536132813
2021-03-24,RT @Fogdo: Thank you @Tesla for this helpful and cool feature :-) https://t.co/FLuY3yFdSL,630.27001953125,-31.8899536132813
2021-03-23,Strongest argument against aliens https://t.co/eF2FFZpJQE,662.159973144531,-7.84002685546875
2021-03-19,https://t.co/Ngk8SJvDUW,654.869995117188,1.71002197265625
2021-03-18,First Super Heavy Booster https://t.co/0K5QPsEbbt,653.159973144531,-48.6500244140625
2021-03-18,The simulation really struggled to make this look real haha https://t.co/t8zvFTRUHU,653.159973144531,-48.6500244140625
2021-03-18,"Aspirationally acerbic alliteration 
-&gt; Bullshit baffles brains",653.159973144531,-48.6500244140625
2021-03-17,SN11 almost ready to fly https://t.co/fXmjJZOiKk,701.809997558594,24.9299926757813
2021-03-16,"Actually, doesn‚Äôt feel quite right selling this. Will pass.",676.880004882813,-31.0599975585938
2021-03-15,I‚Äôm selling this song about NFTs as an NFT https://t.co/B4EZLlesPx,707.940002441406,14.2100219726563
2021-03-12,"FSD Beta has now been expanded to ~2000 owners &amp; we‚Äôve also revoked beta where drivers did not pay sufficient attention to the road. No accidents to date.

Next significant release will be in April. Going with pure vision ‚Äî not even using radar. This is the way to real-world AI.",693.72998046875,-5.8699951171875
2021-03-12,Both do mining &amp; use blocks &amp; chains,693.72998046875,-5.8699951171875
2021-03-12,"BTC (Bitcoin) is an anagram of
TBC(The Boring Company)
What a coincidence!",693.72998046875,-5.8699951171875
2021-03-11,RT @SpaceX: Liftoff! https://t.co/Dth6zbYtR4,699.599975585938,31.5399780273438
2021-03-08,"Starbase, Texas https://t.co/mt4IpqqmjF",563,-34.9500122070313
2021-03-08,Carnot efficiency of the Universe?,563,-34.9500122070313
2021-03-05,üôÑ,597.950012207031,-23.489990234375
2021-03-05,"SN10 is in Valhalla now
https://t.co/dHy4tDVGnI",597.950012207031,-23.489990234375
2021-03-05,Cybervikings of Mars,597.950012207031,-23.489990234375
2021-03-04,RT @SpaceX: Deployment of 60 Starlink satellites confirmed https://t.co/ta7iXyr7BK,621.440002441406,-31.760009765625
2021-03-04,RT @SpaceX: T-30 minutes until launch of Starlink. Webcast will go live ~15 minutes before liftoff ‚Üí https://t.co/bJFjLCzWdK,621.440002441406,-31.760009765625
2021-03-04,Starship SN10 landed in one piece! https://t.co/lO4AF47MaN,621.440002441406,-31.760009765625
2021-03-03,Launch abort on slightly conservative high thrust limit. Increasing thrust limit &amp; recycling propellant for another flight attempt today.,653.200012207031,-33.239990234375
2021-03-03,5 mins to Starship test flight attempt,653.200012207031,-33.239990234375
2021-03-03,March 3rd,653.200012207031,-33.239990234375
2021-03-03,Starship launch tomorrow. Window opens at 9am.,653.200012207031,-33.239990234375
2021-03-03,"RT @yousuck2020: „ÄêÁô∫Ë°®„Äë2023Âπ¥„Å´‰∫àÂÆö„Åó„Å¶„ÅÑ„ÇãÊúàÊóÖË°å„Å´8ÂêçÊßò„Çí„ÅîÊãõÂæÖ„Åó„Åæ„Åô„ÄÇÊú¨Êó•„Çà„ÇäÂøúÂãüÂèó‰ªòÈñãÂßã„Åó„Åæ„ÅôÔºÅ„Åø„Çì„Å™„ÅßÊ•Ω„Åó„ÅÑÊóÖË°å„Å´„Åó„Åæ„Åó„Çá„ÅÜüöÄüåçüåï #dearMoon
https://t.co/xBtOyJMIUh",653.200012207031,-33.239990234375
2021-03-02,"From thence to Mars,
And hence the Stars.",686.440002441406,-31.989990234375
2021-03-02,"Creating the city of Starbase, Texas",686.440002441406,-31.989990234375
2021-03-02,Horses are even self-driving! https://t.co/qPJrCFGs8J,686.440002441406,-31.989990234375
2021-03-02,Scammers &amp; crypto should get a room,686.440002441406,-31.989990234375
2021-03-01,Green eggs &amp; SPAC,718.429992675781,42.9299926757813
2021-03-01,Doge meme shield (legendary item) https://t.co/CeomU9q84c,718.429992675781,42.9299926757813
2021-03-01,New drug coming out called Regretamine. Pop one &amp; all regrets are gone.,718.429992675781,42.9299926757813
2021-03-01,Always wondered where exactly your gaming character keeps all the stuff https://t.co/nNk2MeFGjf,718.429992675781,42.9299926757813
2021-03-01,"RT @Tesla: Use Tesla phone app to melt snow &amp; ice off your car before even leaving the house

üì∏ by @cookie_esq https://t.co/P3r8JUOvpv",718.429992675781,42.9299926757813
2021-03-01,RT @Tesla: Model 3 earns Top Safety+ award from IIHS for third year in a row https://t.co/rr0QtV20al,718.429992675781,42.9299926757813
2021-02-26,https://t.co/jJeP4pFR6m,675.5,-6.719970703125
2021-02-26,Do androids dream of electric cars?,675.5,-6.719970703125
2021-02-25,üôè https://t.co/BBwnTndvoi,682.219970703125,-59.800048828125
2021-02-25,"Not a meta4, I mean actual books",682.219970703125,-59.800048828125
2021-02-25,I admit to judging books by their cover,682.219970703125,-59.800048828125
2021-02-25,Starship to the moon https://t.co/tVMJbBk3BU,682.219970703125,-59.800048828125
2021-02-25,"Out on launch pad, engine swap underway https://t.co/QNXGtL90WN",682.219970703125,-59.800048828125
2021-02-25,You might see much higher download speeds on Starlink at times. Testing system upgrades.,682.219970703125,-59.800048828125
2021-02-25,"RT @Commercial_Crew: The @SpaceX Crew Dragon has officially been in space for more than üíØ days!

The Crew-1 mission launched on Nov. 15, 20‚Ä¶",682.219970703125,-59.800048828125
2021-02-24,On the actual moon,742.02001953125,43.1799926757813
2021-02-24,Literally https://t.co/XBAUqiVsPH,742.02001953125,43.1799926757813
2021-02-23,Excession,698.840026855469,-15.6599731445313
2021-02-19,I just want to start a flame in your heart,781.299987792969,-6.08001708984375
2021-02-19,Just for a day,781.299987792969,-6.08001708984375
2021-02-17,.@ERCOT_ISO is not earning that R,798.150024414063,1.9300537109375
2021-02-16,RT @Tesla: Winter at Giga Texas https://t.co/eqL8lPICKe,796.219970703125,-19.9000244140625
2021-02-16,RT @SpaceX: Deployment of 60 Starlink satellites confirmed https://t.co/apZ7oTOvNk,796.219970703125,-19.9000244140625
2021-02-12,"RT @boringcompany: Congrats to the advancing teams in the Not-a-Boring Tunnel Competition!  Started with 390 competitors, down to the 12 fi‚Ä¶",816.119995117188,4.46002197265625
2021-02-11,Happy New Year of the Ox! https://t.co/9WFKMYu2oj,811.659973144531,6.8399658203125
2021-02-11,"Frodo was the underdoge,
All thought he would fail,
Himself most of all. https://t.co/zGxJFDzzrM",811.659973144531,6.8399658203125
2021-02-10,The most entertaining outcome is the most likely,804.820007324219,-44.6400146484375
2021-02-10,Just agree to do Clubhouse with @kanyewest,804.820007324219,-44.6400146484375
2021-02-10,https://t.co/3rWE9uHSTS,804.820007324219,-44.6400146484375
2021-02-10,"Bought some Dogecoin for lil X, so he can be a toddler hodler",804.820007324219,-44.6400146484375
2021-02-10,This is true power haha https://t.co/Fc9uhQSd7O,804.820007324219,-44.6400146484375
2021-02-10,RT @SpaceX: NASA has selected Falcon Heavy to launch the first two elements of the lunar Gateway together on one mission! https://t.co/3pWt‚Ä¶,804.820007324219,-44.6400146484375
2021-02-09,XPrize team will manage the $100M carbon capture prize https://t.co/fSw5IanL0r,849.460021972656,-13.9599609375
2021-02-08,Back to work I go ‚Ä¶,863.419982910156,11.1900024414063
2021-02-08,"√ê is for √êogecoin! Instructional video.
https://t.co/UEEocOfcTb",863.419982910156,11.1900024414063
2021-02-08,The people have spoken ‚Ä¶ https://t.co/x41oVMzTGo,863.419982910156,11.1900024414063
2021-02-04,RT @SpaceX: Falcon 9 will launch @NASA‚Äôs SPHEREx mission ‚Äì which will collect data on more than 300 million galaxies and explore how the un‚Ä¶,849.989990234375,-4.70001220703125
2021-02-04,RT @SpaceX: Falcon 9 launches 60 Starlink satellites to orbit ‚Äì mission from pad 39A on deck https://t.co/71cuCBgPNX,849.989990234375,-4.70001220703125
2021-02-04,"I am become meme,
Destroyer of shorts",849.989990234375,-4.70001220703125
2021-02-04,Sandstorm is a masterpiece,849.989990234375,-4.70001220703125
2021-02-04,"Next time, we try pull *up* method https://t.co/J1M7WHLRDR",849.989990234375,-4.70001220703125
2021-02-04,Low-key Loki,849.989990234375,-4.70001220703125
2021-02-04,"No highs, no lows, only Doge",849.989990234375,-4.70001220703125
2021-02-04,No need to be a gigachad to own,849.989990234375,-4.70001220703125
2021-02-04,Dogecoin is the people‚Äôs crypto,849.989990234375,-4.70001220703125
2021-02-04,ur welcome https://t.co/e2KF57KLxb,849.989990234375,-4.70001220703125
2021-02-04,Doge,849.989990234375,-4.70001220703125
2021-02-04,https://t.co/vviUzWhodT,849.989990234375,-4.70001220703125
2021-02-04,This was a tough one https://t.co/beY7peFpCj,849.989990234375,-4.70001220703125
2021-02-04,RT @SpaceX: Watch Falcon 9 launch 60 Starlink satellites ‚Üí https://t.co/bJFjLCzWdK  https://t.co/Ln95rEesbW,849.989990234375,-4.70001220703125
2021-02-02,Off Twitter for a while,872.789978027344,32.97998046875
2021-02-01,It will be filled with graffiti art,839.809997558594,46.2799682617188
2021-02-01,Giga Berlin progress https://t.co/ekpG5qcbUi,839.809997558594,46.2799682617188
2021-02-01,RT @SpaceX: This mission enables access for everyday people who dream of going to space,839.809997558594,46.2799682617188
2021-02-01,RT @SpaceX: Announcing the first commercial astronaut mission to orbit Earth aboard Dragon ‚Üí https://t.co/MbESvnakAD https://t.co/ukLsjFfRjk,839.809997558594,46.2799682617188
2021-01-29,Starship SN9 &amp; SN10 https://t.co/urtPJn7amo,793.530029296875,-41.8999633789063
2021-01-29,"In retrospect, it was inevitable",793.530029296875,-41.8999633789063
2021-01-28,"With Cyberpunk, even the hotfixes literally have hotfixes, but ‚Ä¶ great game",835.429992675781,-28.72998046875
2021-01-28,https://t.co/a6kmk0PEgM,835.429992675781,-28.72998046875
2021-01-28,"Here come the shorty apologists
Give them no respect
Get Shorty",835.429992675781,-28.72998046875
2021-01-28,"u can‚Äôt sell houses u don‚Äôt own
u can‚Äôt sell cars u don‚Äôt own
but 
u *can* sell stock u don‚Äôt own!?
this is bs ‚Äì shorting is a scam
legal only for vestigial reasons",835.429992675781,-28.72998046875
2021-01-28,The esthetics of Cyberpunk are incredible btw. The interior design isüëå.,835.429992675781,-28.72998046875
2021-01-28,0 to 155mph trap speed in a 1/4 mile. 200mph top speed (with right tires).,835.429992675781,-28.72998046875
2021-01-28,First production car ever to achieve 0 to 60 mph in less than 2 seconds,835.429992675781,-28.72998046875
2021-01-28,It can play Cyberpunk,835.429992675781,-28.72998046875
2021-01-28,Plaid Model S ships next month https://t.co/HFUPTnQiPB,835.429992675781,-28.72998046875
2021-01-28,Even Discord has gone corpo ‚Ä¶,835.429992675781,-28.72998046875
2021-01-26,https://t.co/F23fxQkBCE,883.090026855469,2.2900390625
2021-01-26,"Gamestonk!! 
https://t.co/RZtkDzAewJ",883.090026855469,2.2900390625
2021-01-26,Bought a hand knit wool Marvin the Martian helm for my dog,883.090026855469,2.2900390625
2021-01-26,https://t.co/gpcvjIBTLM,883.090026855469,2.2900390625
2021-01-26,I kinda love Etsy,883.090026855469,2.2900390625
2021-01-22,Launching many small satellites for a wide range of customers tomorrow. Excited about offering low-cost access to orbit for small companies! https://t.co/NrXmBML747,846.640014648438,1.6500244140625
2021-01-21,Details next week,844.989990234375,-5.46002197265625
2021-01-21,Am donating $100M towards a prize for best carbon capture technology,844.989990234375,-5.46002197265625
2021-01-20,RT @SpaceX: Falcon 9 launches Starlink to orbit ‚Äì the eighth launch and landing of this booster https://t.co/zyj8ZdDFql,850.450012207031,5.9000244140625
2021-01-15,"Monty Python is amazing
https://t.co/UJq94IWT88",826.159973144531,-18.8400268554688
2021-01-14,"RT @SpaceX: Splashdown of Dragon confirmed, completing SpaceX‚Äôs 21st @Space_Station resupply mission and the first return of a cargo resupp‚Ä¶",845,-9.40997314453125
2021-01-13,All three static fires completed &amp; no RUDs!,854.409973144531,4.969970703125
2021-01-13,https://t.co/ho7yGXAS3a,854.409973144531,4.969970703125
2021-01-13,"Today at SpaceX is about practicing Starship engine starts. Ship is held down by massive pins while engines are fired. Two starts completed, about to try a third.",854.409973144531,4.969970703125
2021-01-13,Legalize comedy,854.409973144531,4.969970703125
2021-01-13,RT @SpaceX: Separation confirmed! Dragon performing 3 departure burns to move away from the @Space_Station https://t.co/G27ohWvnXj,854.409973144531,4.969970703125
2021-01-12,"Hey you ‚Ä¶
Yeah you Queen ‚Ä¶
You‚Äôre gonna make it! üíïüíï https://t.co/LrqdIrbIyd",849.440002441406,38.25
2021-01-12,https://t.co/TKkruvgBth https://t.co/ocy2gFRYvN,849.440002441406,38.25
2021-01-12,Mus protec üë∂ yoda https://t.co/1dvhG0nTkU,849.440002441406,38.25
2021-01-08,Launch underway https://t.co/wbk7ZZ0Fqx,880.02001953125,63.9800415039063
2021-01-08,"Btw, critical feedback is always super appreciated, as well as ways to donate money that really make a difference (way harder than it seems)",880.02001953125,63.9800415039063
2021-01-07,https://t.co/2ja38Z8MRE,816.039978027344,60.0599975585938
2021-01-07,Use Signal,816.039978027344,60.0599975585938
2021-01-07,"As seen from an external observer, not the participants",816.039978027344,60.0599975585938
2021-01-07,The most entertaining outcome is the most likely,816.039978027344,60.0599975585938
2021-01-07,This is called the domino effect https://t.co/qpbEW54RvM,816.039978027344,60.0599975585938
2021-01-04,"Because of the large footprint, it may seem flat, but actually ranges up to 5 stories tall",729.77001953125,24.1000366210938
2021-01-04,Snow falling on Giga Berlin https://t.co/eTXMtYp8hG,729.77001953125,24.1000366210938
2020-12-31,Ignore the heading,705.669982910156,10.8899536132813
2020-12-31,"Great interview with Mathias D√∂pfner
https://t.co/ewnaHc4cH0",705.669982910156,10.8899536132813
2020-12-30,Snake-head dog had my undivided attention until winder-head ostrich came gliding through all nonchalant https://t.co/dtPMdM3TQp,694.780029296875,28.7900390625
2020-12-30,"Destiny, destiny
No escaping 
that for me",694.780029296875,28.7900390625
2020-12-29,All Tesla cars delivered in the final three days of the year will get three months of the Full Self-Driving option for free. Delivery &amp; docs must be fully complete by midnight Dec 31st.,665.989990234375,2.29998779296875
2020-12-29,The Last Kingdom show is great,665.989990234375,2.29998779296875
2020-12-29,Not everything is made of cake https://t.co/oMaCmYQAwx,665.989990234375,2.29998779296875
2020-12-29,Such a weird game when you think about it https://t.co/5MrvVzmeKG,665.989990234375,2.29998779296875
2020-12-29,This is not CGI https://t.co/VOivE97vPR,665.989990234375,2.29998779296875
2020-12-28,Entertainment will be critical when cars drive themselves,663.690002441406,1.91998291015625
2020-12-28,What should Tesla do with in-car gaming in an autonomous world?,663.690002441406,1.91998291015625
2020-12-24,12 story rocket turns off its engines &amp; does a controlled fall https://t.co/HCRgyx42rn,661.77001953125,15.7900390625
2020-12-24,"To Tesla owners taking delivery in the final days of year, your support is super appreciated!!",661.77001953125,15.7900390625
2020-12-21,Thanks to everyone who worked so hard to make Tesla successful. My heart goes out to you.,649.859985351563,-45.1400146484375
2020-12-17,"Star Light, Star Bright https://t.co/6CeTAZSXCO",655.900024414063,33.1300048828125
2020-12-14,RT @SpaceX: Starship landing flip maneuver https://t.co/QuD9HwZ9CX,639.830017089844,29.8400268554688
2020-12-14,Ascent to the Heavens https://t.co/oGgsw88YRZ,639.830017089844,29.8400268554688
2020-12-14,Hehe https://t.co/SkLMiL3OxT,639.830017089844,29.8400268554688
2020-12-14,https://t.co/sdmXKbHdzd,639.830017089844,29.8400268554688
2020-12-14,https://t.co/qbNT1dUsED,639.830017089844,29.8400268554688
2020-12-14,"RT @SpaceX: Falcon 9 launches SXM-7 to orbit, completing SpaceX‚Äôs 25th launch this year https://t.co/ZRur0ewNlv",639.830017089844,29.8400268554688
2020-12-11,RT @Pockn_CG: Can't wait!! @elonmusk #spacex #SpaceXStarship https://t.co/ynEtMywFvg,609.989990234375,-17.0800170898438
2020-12-10,RT @SpaceX: Photos from Starship SN8‚Äôs flight test ‚Üí https://t.co/095WHX44BX https://t.co/5OzLYF7QRf,627.070007324219,22.5900268554688
2020-12-10,"Thank you, South Texas for your support! This is the gateway to Mars.",627.070007324219,22.5900268554688
2020-12-10,"Life, the Universe and Everything https://t.co/1ZCzInfc4u",627.070007324219,22.5900268554688
2020-12-09,"Mars, here we come!!",604.47998046875,-45.4000244140625
2020-12-09,"Fuel header tank pressure was low during landing burn, causing touchdown velocity to be high &amp; RUD, but we got all the data we needed! Congrats SpaceX team hell yeah!!",604.47998046875,-45.4000244140625
2020-12-09,"Successful ascent, switchover to header tanks &amp; precise flap control to landing point! https://t.co/IIraiESg5M",604.47998046875,-45.4000244140625
2020-12-08,RT @SpaceX: Time-lapse of Dragon on approach ‚Äì two Dragons now docked to the @space_station https://t.co/I046jBmC7o,649.880004882813,8.1199951171875
2020-12-08,"‚ÄúSo long, and thanks for the orifice!‚Äù
- Alien message decrypted",649.880004882813,8.1199951171875
2020-12-07,"RT @NASA: Success! At 1:40pm ET, @SpaceX''s upgraded Dragon cargo spacecraft autonomously docked to the @Space_Station. 

üêâ This is the 1st‚Ä¶",641.760009765625,42.7200317382813
2020-12-07,Out on the pad in South Texas https://t.co/RcYOXXpTc2,641.760009765625,42.7200317382813
2020-12-07,RT @Space_Station: The station and the @SpaceX #Dragon are going into an orbital night period before the 1:30pm ET docking. The #CrewDragon‚Ä¶,641.760009765625,42.7200317382813
2020-12-07,"RT @NASA: Good morning, earthlings. ‚òÄÔ∏è The journey continues! 

Watch as the NASA @SpaceX cargo resupply mission docks to the @Space_Statio‚Ä¶",641.760009765625,42.7200317382813
2020-12-07,100,641.760009765625,42.7200317382813
2020-12-07,RT @SpaceX: Tracking footage from a helicopter of today‚Äôs Falcon 9 launch off LC-39A https://t.co/7rYVZRTS18,641.760009765625,42.7200317382813
2020-12-07,"RT @Erdayastronaut: There‚Äôs something genuinely magical about seeing #Starship #SN8 in person. Boca Chica is beautiful, quiet and serine. T‚Ä¶",641.760009765625,42.7200317382813
2020-12-04,RT @boringcompany: Tunnel Rave https://t.co/d3JKOIAsy7,599.039978027344,5.65997314453125
2020-12-03,Watch Demolition Man,593.380004882813,24.5599975585938
2020-12-03,Prometheus Unbound,593.380004882813,24.5599975585938
2020-12-03,RT @SpaceX: The Falcon 9 booster supporting this mission previously launched @NASA astronauts Bob Behnken and Doug Hurley to the @space_sta‚Ä¶,593.380004882813,24.5599975585938
2020-12-02,"Much of what people think of an science is actually engineering, eg no such thing as a ‚Äúrocket scientist‚Äù, only rocket engineers. Latter is who put humans on the moon.",568.820007324219,-15.9400024414063
2020-12-02,"Science is discovering the essential truths about what exists in the Universe, engineering is about creating things that never existed
https://t.co/aIEUtHoPxM",568.820007324219,-15.9400024414063
2020-11-25,.@TheBabylonBee is savage ü§£ü§£,574,18.6199951171875
2020-11-25,"This is a life leader launch, so more risk than normal https://t.co/EtFP9IELrf",574,18.6199951171875
2020-11-24,"Good Starship SN8 static fire! Aiming for first 15km / ~50k ft altitude flight next week. Goals are to test 3 engine ascent, body flaps, transition from main to header tanks &amp; landing flip.",555.380004882813,33.530029296875
2020-11-18,Tesla holiday software release is üî•üî•,486.640014648438,45.030029296875
2020-11-18,Cobra Kai is a deep cut,486.640014648438,45.030029296875
2020-11-17,Deus ex machine learning https://t.co/5ZSYalVczx,441.609985351563,33.5199890136719
2020-11-17,Nullius in Verba @royalsociety,441.609985351563,33.5199890136719
2020-11-17,RT @SpaceX: Docking confirmed ‚Äì Crew Dragon has arrived at the @space_station!,441.609985351563,33.5199890136719
2020-11-16,"RT @NASA: üêâ Enter the Crew Dragon. At 4:48 p.m. EST (9:48 p.m. UTC), the NASA @SpaceX Crew-1 astronauts give you a LIVE tour of their space‚Ä¶",408.089996337891,-0.410003662109375
2020-11-16,‚ô•Ô∏è,408.089996337891,-0.410003662109375
2020-11-16,Launch in 5 minutes,408.089996337891,-0.410003662109375
2020-11-16,"The same propellant is used either for abort or for orbital maneuvering, as one use obviates the other",408.089996337891,-0.410003662109375
2020-11-13,Case closed https://t.co/pUYiJcAdD6,408.5,-3.260009765625
2020-11-13,Soon https://t.co/mWOpR7W8kk,408.5,-3.260009765625
2020-11-13,Lab I just spoke to said cov2 PCR detection (N1 &amp; N3 genes) below 30 cycles is reliable &amp; above 40 cycles is not,408.5,-3.260009765625
2020-11-13,"Would be great to hear from people who know a lot about the PCR testing industry. What‚Äôs the approximate false positive rate, all things considered, for cov2 PCR tests?",408.5,-3.260009765625
2020-11-13,What is the general population (no knowledge of symptoms) accuracy of a sars-cov2 PCR test &amp; is it possible to generate a false positive if you simply run enough cycles?,408.5,-3.260009765625
2020-11-13,The carousel turns ever faster,408.5,-3.260009765625
2020-11-13,"Something extremely bogus is going on. Was tested for covid four times today. Two tests came back negative, two came back positive. Same machine, same test, same nurse. Rapid antigen test from BD.",408.5,-3.260009765625
2020-11-12,"RT @Teslarati: Tesla tops list of 2020‚Äôs Most Attractive Employers for US engineering students
https://t.co/KKNYQlet0o",411.760009765625,-5.3699951171875
2020-11-12,4 Astronauts fly to @Space_Station on Sat night from Cape. First operational flight of Crew Dragon. https://t.co/uZCGiKciKb,411.760009765625,-5.3699951171875
2020-11-12,RT @SpaceX: Thank you to all those who have served and sacrificed #VeteransDay https://t.co/U8kN4FZpJ9,411.760009765625,-5.3699951171875
2020-11-11,RT @SpaceX: Crew access arm swings into place https://t.co/XAImd6nLJV,417.130004882813,6.77001953125
2020-11-10,Such a privilege to work with people I like &amp; respect so much. I feel blessed.,410.359985351563,-10.9000244140625
2020-11-10,"RT @Commercial_Crew: The Flight Readiness Review for the Crew-1 mission to the @Space_Station has concluded, and @NASA and @SpaceX are GO t‚Ä¶",410.359985351563,-10.9000244140625
2020-11-10,RT @SpaceX: Falcon 9 and Crew Dragon vertical on Launch Complex 39A https://t.co/hBVUHWv3Ab,410.359985351563,-10.9000244140625
2020-11-09,RT @SpaceX: Crew Dragon and Falcon 9 in the hangar at Launch Complex 39A ahead of launching four astronauts to the @space_station; liftoff‚Ä¶,421.260009765625,-8.69000244140625
2020-11-09,RT @boringcompany: Rumor has it that Austin Chalk is geologically one of best soils for tunneling. Want to find out? Austin jobs now avai‚Ä¶,421.260009765625,-8.69000244140625
2020-11-09,https://t.co/d0i2w8wNKG,421.260009765625,-8.69000244140625
2020-11-09,"Yes, you can have my damn cookie! should be a browser setting",421.260009765625,-8.69000244140625
2020-11-06,"When sending your resume, please describe a few of the hardest problems you solved &amp; exactly how you solved them",429.950012207031,-8.13998413085938
2020-11-06,"A New Banner is needed
Neither hard left nor right",429.950012207031,-8.13998413085938
2020-11-06,420 is ten times better than 42,429.950012207031,-8.13998413085938
2020-11-06,ü§ó,429.950012207031,-8.13998413085938
2020-11-06,RT @SpaceX: Deployment of GPS III-4 confirmed https://t.co/fCFJRcWMti,429.950012207031,-8.13998413085938
2020-11-06,RT @SpaceX: Falcon 9‚Äôs first stage lands on the Of Course I Still Love You droneship https://t.co/hd0IBPX3T5,429.950012207031,-8.13998413085938
2020-11-06,RT @SpaceX: Liftoff! https://t.co/LI4O0TNmL8,429.950012207031,-8.13998413085938
2020-11-05,Recruiting ace engineers for Giga Berlin! Will interview in person tomorrow on site. Send resume to 25Guns@Tesla.com.,438.089996337891,17.1099853515625
2020-11-02,Several thousand more Starlink beta participation invitations going out this week,400.510009765625,12.4700012207031
2020-11-02,Very close to actual expected flight! https://t.co/ruEdIPhTil,400.510009765625,12.4700012207031
2020-10-29,"Truth be told, I‚Äôve eaten at JitB many times over the years, even the teriyaki bowl",410.829986572266,4.80999755859375
2020-10-29,Might buy a Jack in the Box footstool,410.829986572266,4.80999755859375
2020-10-29,Tesla should make üî• catgirl robots?,410.829986572266,4.80999755859375
2020-10-28,"Come here ‚Ä¶ no, come, here üëá",406.019989013672,-18.6600036621094
2020-10-28,"Wow, this mayo sure is salty!",406.019989013672,-18.6600036621094
2020-10-28,Jack in the Box should do double duty as a sperm donor clinic ‚Äî name is üëå,406.019989013672,-18.6600036621094
2020-10-22,Price change is pushed to Thursday next week. Applies only to US for now. One week clock will start in other countries as beta is released. FSD monthly rental will also be available sometime next year.,425.790008544922,3.14999389648438
2020-10-22,"Now that Tesla FSD beta is out in limited release, FSD price (new or upgrade) will go up by ~$2k on Monday",425.790008544922,3.14999389648438
2020-10-21,"Starship nosecone, high bay &amp; tiki bar https://t.co/9qXYxMMIUj",422.640014648438,0.70001220703125
2020-10-20,"FSD beta rollout happening tonight. Will be extremely slow &amp; cautious, as it should.",421.940002441406,-8.88998413085938
2020-10-20,Data from 3 engine Starship static fire this morning looks good. Proceeding with nosecone mate.,421.940002441406,-8.88998413085938
2020-10-16,m√∏t√∏r tr√®nd√© https://t.co/V0yo4JKbS2,439.670013427734,-9.20999145507813
2020-10-16,"RT @Tesmanian_com: Tesla Model 3 SR+ Has Lowest Energy Consumption of All BEVs, Says Report

https://t.co/7C0V16WT6Y",439.670013427734,-9.20999145507813
2020-10-14,"The gauntlet has been thrown down! 

The prophecy will be fulfilled. 

Model S price changes to $69,420 tonight!",461.299987792969,14.6499938964844
2020-10-14,9 meter or roughly 30 ft diameter,461.299987792969,14.6499938964844
2020-10-14,Will be less roomy with 3 vacuum rocket engines added https://t.co/pKtDFdiZYC,461.299987792969,14.6499938964844
2020-10-14,‚ÄúWhat is love? Baby don‚Äôt hurt me.‚Äù‚Äî Winston Churchill,461.299987792969,14.6499938964844
2020-10-13,ü§ò The Illuminaughty ü§ò,446.649993896484,4.35000610351563
2020-10-13,"RT @SpaceX: This will be the first flight of the upgraded cargo version of Dragon, which is able to carry 50% more science payloads than th‚Ä¶",446.649993896484,4.35000610351563
2020-10-13,RT @SpaceX: The Dragon spacecraft supporting SpaceX‚Äôs 21st cargo resupply mission to the @space_station departed our Hawthorne factory last‚Ä¶,446.649993896484,4.35000610351563
2020-10-09,"RT @MotorTrend: We put the 2020 @Tesla Model Y Long Range electric SUV on our test track to find out what it can do‚Äîand it turns out, well,‚Ä¶",434,8.07998657226563
2020-10-08,"RT @SpaceX: Starman, last seen leaving Earth, made its first close approach with Mars today‚Äîwithin 0.05 astronomical units, or under 5 mill‚Ä¶",425.920013427734,0.620025634765625
2020-10-06,"RT @SpaceX: Falcon 9 launches 60 Starlink satellites to orbit, completing SpaceX''s 43rd flight of a previously flown rocket booster https:/‚Ä¶",413.980010986328,-11.6999816894531
2020-10-06,RT @SpaceX: Deployment of 60 Starlink satellites confirmed https://t.co/x83OvjB4Pa,413.980010986328,-11.6999816894531
2020-10-06,4th flight &amp; landing for this booster https://t.co/UOtvMkgXqH,413.980010986328,-11.6999816894531
2020-10-06,5 minutes from launch. Looks good so far. https://t.co/on2f1pY5jt,413.980010986328,-11.6999816894531
2020-10-05,"Turn volume to 11 &amp; play Powerglide in your Tesla 

https://t.co/l07Yc02P7g",425.679992675781,10.5899963378906
2020-10-05,"Music volume on a Tesla goes to 11, because it‚Äôs louder than 10

https://t.co/ab5hAMo3EN",425.679992675781,10.5899963378906
2020-10-05,Rewatched Young Frankenstein this weekend. Still awesome. Ovaltine? https://t.co/WiMdyFSuiq,425.679992675781,10.5899963378906
2020-10-05,"Hollywood should just start with the sequel &amp; skip the original, because financials",425.679992675781,10.5899963378906
2020-09-29,"RT @SpaceX: Once this Dragon docks to the @space_station, there will be two Dragons docked simultaneously. Between crew and cargo missions,‚Ä¶",419.070007324219,-2.1300048828125
2020-09-29,RT @SpaceX: SpaceX training of astronauts that will fly on board Dragon‚Äôs first operational mission is complete! When the crew arrives for‚Ä¶,419.070007324219,-2.1300048828125
2020-09-29,"RT @SpaceX: After launch of Crew Dragon‚Äôs first operational mission with astronauts on board, SpaceX will launch its 21st cargo resupply mi‚Ä¶",419.070007324219,-2.1300048828125
2020-09-29,"RT @KathyLueders: NEWS: We‚Äôre now targeting 2:40am ET Saturday, Oct. 31, for the launch of the @NASA and @SpaceX Crew-1 mission to send ast‚Ä¶",419.070007324219,-2.1300048828125
2020-09-25,What can‚Äôt we predict?,407.339996337891,19.5499877929688
2020-09-25,"RT @SpaceX: Completed a full duration test fire of the Raptor Vacuum engine at SpaceX‚Äôs rocket development facility in McGregor, Texas http‚Ä¶",407.339996337891,19.5499877929688
2020-09-25,RT @SpaceX: RVac and sea level Raptor with a human for scale https://t.co/xqiPQUY4Pl,407.339996337891,19.5499877929688
2020-09-24,Only thing beyond ludicrous is plaid https://t.co/rHuWk20EGG,387.790008544922,7.43002319335938
2020-09-23,"Cybertruck, ATV, Roadster &amp; Semi
C A R S https://t.co/4Aq1A5cYkH",380.359985351563,-43.8700256347656
2020-09-22,RT @CARandDRIVER: We drove a Model S Long Range Plus for 422.7 miles in California and believe we could have made it to 430. @Tesla explain‚Ä¶,424.230010986328,-25.1600036621094
2020-09-22,"The extreme difficulty of scaling production of new technology is not well understood. It‚Äôs 1000% to 10,000% harder than making a few prototypes. The machine that makes the machine is vastly harder than the machine itself.",424.230010986328,-25.1600036621094
2020-09-21,"We intend to increase, not reduce battery cell purchases from Panasonic, LG &amp; CATL (possibly other partners too). However, even with our cell suppliers going at maximum speed, we still foresee significant shortages in 2022 &amp; beyond unless we also take action ourselves.",449.390014648438,7.24002075195313
2020-09-21,"Important note about Tesla Battery Day unveil tomorrow. This affects long-term production, especially Semi, Cybertruck &amp; Roadster, but what we announce will not reach serious high-volume production until 2022.",449.390014648438,7.24002075195313
2020-09-18,of course I still love you,442.149993896484,18.7200012207031
2020-09-17,Speedrunning Factorio in real life ‚Ä¶,423.429992675781,-18.3300170898438
2020-09-16,Fallout Shelter is on your Tesla. Tap the Entertainment button.,441.760009765625,-8
2020-09-16,"üñ§ Fallout Radio  üñ§
https://t.co/gNo8XFjx8b",441.760009765625,-8
2020-09-16,Doubles as an underground nuclear shelter üòÄüëç https://t.co/CvI0YRjObE,441.760009765625,-8
2020-09-15,Story of my life,449.760009765625,30.1400146484375
2020-09-15,https://t.co/Vn0Rv0yQ5q,449.760009765625,30.1400146484375
2020-09-15,"Tunnels under cities with self-driving electric cars will feel like warp drive

First operational tunnel under Vegas almost done

The @BoringCompany",449.760009765625,30.1400146484375
2020-09-15,Have you hugged a tunnel today?,449.760009765625,30.1400146484375
2020-09-15,Embrace tunnels!,449.760009765625,30.1400146484375
2020-09-11,Many exciting things will be unveiled on Battery Day 9/22 ‚ö°Ô∏è,372.720001220703,1.3800048828125
2020-09-10,Bitte arbeiten Sie bei Tesla Giga Berlin! Es wird super Spa√ü machen!! https://t.co/FcNoPr2oII,371.339996337891,5.05999755859375
2020-09-09,Tesla Model S &amp; X have hospital-grade (HEPA) air filters. 3 &amp; Y are really good too. This has a big effect on health. https://t.co/48s5D3IfWs,366.279998779297,36.0700073242188
2020-09-09,"RT @Teslarati: Tesla Energy ramps hiring at Giga New York for accelerated solar production
https://t.co/Iha2DREwu0",366.279998779297,36.0700073242188
2020-09-09,RT @SpaceX: Onboard camera view of Falcon 9‚Äôs SAOCOM 1B launch and first stage land landing https://t.co/2IEZYiyYG5,366.279998779297,36.0700073242188
2020-09-08,A la guerre comme √† la guerre,330.209991455078,-88.1100158691406
2020-09-04,Model 3 rated as most reliable car https://t.co/26DAGJLTDY,418.320007324219,11.3200073242188
2020-09-04,Turns out you can make anything fly haha https://t.co/FJdHqRdVDb,418.320007324219,11.3200073242188
2020-09-03,"üá©üá™üñ§Giga Berlin Mannschaftüñ§üá©üá™
Vielen Dank f√ºr Ihre hervorragende Arbeit an Giga Berlin!! https://t.co/KVo5mBfnXt",407,-40.3699951171875
2020-09-03,Great trip to Germany. Support from government &amp; people is super appreciated!,407,-40.3699951171875
2020-09-03,RT @SpaceX: Deployment of 60 Starlink satellites confirmed https://t.co/DdBxIOdOg1,407,-40.3699951171875
2020-09-03,RT @SpaceX: Liftoff! https://t.co/sTZnAn3VTX,407,-40.3699951171875
2020-08-31,RT @SpaceX: Falcon 9 first stage lands at Landing Zone 1 to complete this booster‚Äôs fourth flight https://t.co/tUtAcKmIFn,498.320007324219,55.6400146484375
2020-08-31,https://t.co/oVaoHsg1of,498.320007324219,55.6400146484375
2020-08-31,"RT @SpaceX: After launching SAOCOM 1B and two rideshare payloads to orbit, Falcon 9‚Äôs first stage returns to Earth and lands at Landing Zon‚Ä¶",498.320007324219,55.6400146484375
2020-08-31,RT @SpaceX: Deployment of SAOCOM 1B confirmed https://t.co/gqtxQMpy48,498.320007324219,55.6400146484375
2020-08-31,RT @SpaceX: Falcon 9‚Äôs first stage has landed at Landing Zone 1 https://t.co/0y5FkVqPk8,498.320007324219,55.6400146484375
2020-08-31,RT @SpaceX: Liftoff! https://t.co/AIwrMzB3D1,498.320007324219,55.6400146484375
2020-08-31,RT @neuralink: Snout Boops https://t.co/ZJogq2ulvf,498.320007324219,55.6400146484375
2020-08-28,Ahem ‚Ä¶ starting soon https://t.co/eCGHH5stOn,442.679992675781,-5.07000732421875
2020-08-28,"‚ÄúAll of physics is either impossible or trivial. It is impossible until you understand it, and then it becomes trivial.‚Äù E Rutherford",442.679992675781,-5.07000732421875
2020-08-28,Neuralink product demo in 3 hours. Webcast at https://t.co/Y9wREd78oj.,442.679992675781,-5.07000732421875
2020-08-27,"The Big Bang started very, very sm≈çl https://t.co/XVvcuALZ2o https://t.co/8R92iEXVvN",447.75,17.1159973144531
2020-08-27,Should we believe things proportionate to the evidence that they are true? (yes),447.75,17.1159973144531
2020-08-27,Olde skoole analog synthesizer from ancient Britain https://t.co/JG0fI3ChxC,447.75,17.1159973144531
2020-08-26,Lengthy background on Neuralink by @waitbutwhy https://t.co/z2YfAupDRD,430.634002685547,25.9660034179688
2020-08-26,"Live webcast of working @Neuralink device
Friday 3pm Pacific https://t.co/PouLbrGzFU",430.634002685547,25.9660034179688
2020-08-21,A metaphor for life https://t.co/CdlL4ieLju,409.996002197266,9.6300048828125
2020-08-21,"RT @jaxzin: Power is flowing again from the grid. 
Grateful for my @Tesla #Powerwall and 162 hours of uninterrupted backup power. ‚ö°Ô∏è‚ö°Ô∏è‚ö°Ô∏è ht‚Ä¶",409.996002197266,9.6300048828125
2020-08-20,More fun games coming soon to ur Tesla https://t.co/zBdYGOuHsz,400.365997314453,24.6600036621094
2020-08-20,https://t.co/hKpWJnXsFc strikes again!,400.365997314453,24.6600036621094
2020-08-20,New Tesla feature coming that enables your car to play snake jazz or Polynesian elevator music through its outside speakers wherever you go,400.365997314453,24.6600036621094
2020-08-20,https://t.co/Bki5SOOroe,400.365997314453,24.6600036621094
2020-08-20,üêçüé∑,400.365997314453,24.6600036621094
2020-08-20,GPT-3 sounds like Simon &amp; Garfunkel lyrics,400.365997314453,24.6600036621094
2020-08-20,Bureaucracy is inherently kafkaesque,400.365997314453,24.6600036621094
2020-08-19,Medical check is A-ok! https://t.co/zTRMvQ6Wvx,375.705993652344,-1.71200561523438
2020-08-19,He might run for President in 2024 https://t.co/Wo34fhKugu,375.705993652344,-1.71200561523438
2020-08-19,Elevator music is underrated,375.705993652344,-1.71200561523438
2020-08-19,"RT @Tesla: Big updates in üá®üá¶ 

‚Äì Trans-Canada Supercharging ‚úÖ 
‚Äì Model Y deliveries ‚úÖ 
‚Äì Leasing for Model Y &amp; Model 3 üéØ
https://t.co/gyFBE‚Ä¶",375.705993652344,-1.71200561523438
2020-08-18,"Aloha, welcome back from space üí´ https://t.co/xWPN09Wtaw",377.417999267578,10.2900085449219
2020-08-18,Fairing chute control &amp; ship control are closing the loop locally. Both operating on (SpaceX) autopilot.,377.417999267578,10.2900085449219
2020-08-18,Ms Tree catches fairing in her net https://t.co/sqlJ63NetB,377.417999267578,10.2900085449219
2020-08-18,RT @SpaceX: Falcon 9‚Äôs first stage has landed on the Of Course I Still Love You droneship ‚Äì first time a booster has completed six flights!‚Ä¶,377.417999267578,10.2900085449219
2020-08-17,Raptor engine just reached 330 bar chamber pressure without exploding! https://t.co/kVKRWksvaB,367.127990722656,36.9859924316406
2020-08-17,Cybertruck option package https://t.co/6Vz4XNoHf9,367.127990722656,36.9859924316406
2020-08-17,‚ÄúTanks 4 the memery‚Äù - panzer of the lake,367.127990722656,36.9859924316406
2020-08-17,Some big milestones coming up https://t.co/K3v3yddg6J,367.127990722656,36.9859924316406
2020-08-14,Great mission patch design! https://t.co/p2Ic1crPef,330.141998291016,5.94198608398438
2020-08-14,Tesla is developing a NN training computer called Dojo to process truly vast amounts of video data. It‚Äôs a beast! Please consider joining our AI or computer/chip teams if this sounds interesting.,330.141998291016,5.94198608398438
2020-08-14,RT @JimBridenstine: NEWS: @NASA &amp; @SpaceX are targeting no earlier than Oct. 23 for Crew Dragon‚Äôs first operational mission to the @Space_S‚Ä¶,330.141998291016,5.94198608398438
2020-08-11,SN7 will be new alloy test tank taken to burst pressure. SN8 will have body flaps &amp; nosecone.,274.877990722656,-8.83599853515625
2020-08-11,SN 5 &amp; 6 at Starship Production Complex in Texas https://t.co/8BVRD5VdU7,274.877990722656,-8.83599853515625
2020-08-07,Good piece on Giga Berlin construction https://t.co/pA8sgEpV9Y,290.5419921875,-7.37399291992188
2020-08-07,RT @SpaceX: Falcon 9‚Äôs first stage has landed on the Of Course I Still Love You droneship https://t.co/szO3thMxqa,290.5419921875,-7.37399291992188
2020-08-06,SN5 https://t.co/GlZ28KFVHU,297.915985107422,0.9119873046875
2020-08-06,RT @Tesla: Looking up in Model Y https://t.co/iAfpJ491Zz,297.915985107422,0.9119873046875
2020-08-05,RT @SpaceX: Starship takes flight https://t.co/IWvwcA05hl,297.003997802734,-0.39599609375
2020-08-05,"RT @NASASpaceflight: LAUNCH! Starship SN5 has launched on a 150 meter test hop at SpaceX Boca Chica.

Under the power of Raptor SN27, SN5 h‚Ä¶",297.003997802734,-0.39599609375
2020-08-03,"RT @RealLifeStarman: ‚ÄúWe are going to go to the moon, we are going to have a base on the moon, we are going to send people to mars and make‚Ä¶",297,10.8479919433594
2020-07-31,"The Great Pyramid was the tallest structure made by humans for 3800 years. Three thousand, eight hundred years.  https://t.co/6DU46eMbni",286.152008056641,-11.3459777832031
2020-07-31,RT @Commercial_Crew: @NASA and @SpaceX remain GO with plans to bring @Astro_Doug and @AstroBehnken home to Earth this weekend. Teams will c‚Ä¶,286.152008056641,-11.3459777832031
2020-07-31,Ramses II was üòé,286.152008056641,-11.3459777832031
2020-07-31,Aliens built the pyramids obv,286.152008056641,-11.3459777832031
2020-07-30,https://t.co/8lpvwbeC4R,297.497985839844,-2.32400512695313
2020-07-30,Starship SN5 just completed full duration static fire. 150m hop soon.,297.497985839844,-2.32400512695313
2020-07-30,üñ§üßõ‚Äç‚ôÄÔ∏èTotal Eclipse of the Heart üßõ‚Äç‚ôÄÔ∏èüñ§ https://t.co/n8djdlKnbE,297.497985839844,-2.32400512695313
2020-07-30,"But sometimes when we touch ‚Ä¶
https://t.co/KMassjCtIx",297.497985839844,-2.32400512695313
2020-07-30,"Losing It
https://t.co/9HOY0ldzg4",297.497985839844,-2.32400512695313
2020-07-30,"Sure could use a good rave
What‚Äôs your favorite techno",297.497985839844,-2.32400512695313
2020-07-30,I ‚Ä¶ I just died in your arms tonight,297.497985839844,-2.32400512695313
2020-07-30,The rumor that Bill Gates &amp; I are lovers is completely untrue,297.497985839844,-2.32400512695313
2020-07-27,Das Kapital in a nutshell https://t.co/mG44mMkitx,307.920013427734,24.52001953125
2020-07-27,The left is losing the middle,307.920013427734,24.52001953125
2020-07-27,Hold my beer https://t.co/IK3tT1x4wP,307.920013427734,24.52001953125
2020-07-27,"RT @teslacn: Pick up the energetic wallpapers, and charge your everyday adventureÔºÅ https://t.co/HOTDtLpdpw",307.920013427734,24.52001953125
2020-07-27,Almost a decade ago. Original Dragon in background.,307.920013427734,24.52001953125
2020-07-27,https://t.co/Ufay65lZJj,307.920013427734,24.52001953125
2020-07-27,"Great song
https://t.co/wj4YdJglSH",307.920013427734,24.52001953125
2020-07-24,I bet no one on üåπ Twitter even *has* a guillotine! Poseurs ‚Ä¶,283.399993896484,-19.2140197753906
2020-07-24,üåπ Twitter sucks,283.399993896484,-19.2140197753906
2020-07-24,"These are jammed to gills with special interests earmarks. If we do a stimulus at all, it should just be direct payments to consumers.",283.399993896484,-19.2140197753906
2020-07-24,"Goal of government should be to maximize the happiness of the people. Giving each person money allows them to decide what meets their needs, rather than the blunt tool of legislation, which creates self-serving special interests.",283.399993896484,-19.2140197753906
2020-07-24,"As a reminder, I‚Äôm in *favor* of universal basic income",283.399993896484,-19.2140197753906
2020-07-24,Another government stimulus package is not in the best interests of the people imo,283.399993896484,-19.2140197753906
2020-07-24,"Tesla solar panels are $1.49/Watt 
https://t.co/5LpLhqgAzw",283.399993896484,-19.2140197753906
2020-07-23,"RT @Commercial_Crew: While in orbit, astronauts @AstroBehnken and @Astro_Doug performed a habitability assessment of the @SpaceX Crew Drago‚Ä¶",302.614013671875,-15.8519897460938
2020-07-23,Impressive Tianwen-1 Mars rover mission launched by China today https://t.co/FsyA3I0HrU,302.614013671875,-15.8519897460938
2020-07-23,RT @Tesla: https://t.co/jmkacbRb5D,302.614013671875,-15.8519897460938
2020-07-22,"You don‚Äôt have a soul, you are a soul",318.466003417969,4.79400634765625
2020-07-22,2 minutes later ‚Ä¶ https://t.co/o5fbBTan1S,318.466003417969,4.79400634765625
2020-07-22,Coming soon https://t.co/6nOgLix6b5,318.466003417969,4.79400634765625
2020-07-22,Where are the memes? Send in ‚Ä¶ the memes ‚Ä¶,318.466003417969,4.79400634765625
2020-07-22,Nothing has gaslit more people than the movie Gaslight,318.466003417969,4.79400634765625
2020-07-21,RT @SpaceX: Videos of yesterday‚Äôs catch of both fairing halves https://t.co/yzTDFzlulL,313.671997070313,-14.9280090332031
2020-07-21,RT @SpaceX: Watch Falcon 9 launch ANASIS-II ‚Üí https://t.co/bJFjLCzWdK  https://t.co/iYHJZnZobv,313.671997070313,-14.9280090332031
2020-07-21,Das baby kann noch keinen l√∂ffel benutzen https://t.co/UETqVIA4BP,313.671997070313,-14.9280090332031
2020-07-20,Both fairing halves caught from space by @SpaceX ships!,328.600006103516,28.4320068359375
2020-07-20,RT @SpaceX: Falcon 9‚Äôs first stage has landed on the Just Read the Instructions droneship https://t.co/fPbckYFySh,328.600006103516,28.4320068359375
2020-07-20,Launch in 20 mins https://t.co/1oLtPnW929,328.600006103516,28.4320068359375
2020-07-17,Just stop,300.167999267578,0.040008544921875
2020-07-15,Giga Berlin https://t.co/UXQMUVTWXf,309.201995849609,5.84201049804688
2020-07-10,"I spoke with Korolev‚Äôs family today.
He was one of the very best.
–ö–æ—Ä–æ–ª—å–æ–≤ / –ö–æ—Ä–æ–ª—ë–≤.",308.929992675781,30.0740051269531
2020-07-10,"Wow, IHOP &amp; GitHub are close",308.929992675781,30.0740051269531
2020-07-10,Best use of the term ‚ÄúFull Stack‚Äù?,308.929992675781,30.0740051269531
2020-07-10,AI symbiosis while u wait,308.929992675781,30.0740051269531
2020-07-09,Progress update August 28,278.855987548828,5.67999267578125
2020-07-09,"If you can‚Äôt beat em, join em
Neuralink mission statement",278.855987548828,5.67999267578125
2020-07-07,RT @SpaceX: Falcon 9 lands on Just Read the Instructions after delivering GPS III Space Vehicle 03 to orbit for the @SpaceForceDoD https://‚Ä¶,277.971984863281,3.65597534179688
2020-07-02,Thanks Tesla owners &amp; investors! Love you!! We will work super hard to earn your trust &amp; support. https://t.co/6mgcmlLTsA,241.731994628906,17.8059997558594
2020-07-02,"RT @Commercial_Crew: Just over a month ago, @AstroBehnken &amp; @Astro_Doug launched to the @Space_Station aboard @SpaceX''s Crew Dragon.

This‚Ä¶",241.731994628906,17.8059997558594
2020-07-02,"SEC, three letter acronym, middle word is Elon‚Äôs",241.731994628906,17.8059997558594
2020-07-02,Will send some to the Shortseller Enrichment Commission to comfort them through these difficult times,241.731994628906,17.8059997558594
2020-07-02,Tesla will make fabulous short shorts in radiant red satin with gold trim,241.731994628906,17.8059997558594
2020-07-02,Who wears short shorts? ü§£ü§£,241.731994628906,17.8059997558594
2020-07-02,"RT @Teslarati: Tesla crushes Wall Street‚Äôs Q2 estimates with over 90k deliveries $TSLA
https://t.co/zSBqpFaSjS",241.731994628906,17.8059997558594
2020-07-01,"Tesla Impact Report (repost). We do everything humanly possible to source materials &amp; produce sustainable energy cars, batteries &amp; solar ethically. Suggestions for improvement are always appreciated.

https://t.co/WCemMJ44um",223.925994873047,7.9639892578125
2020-06-30,Your GPS just got slightly better https://t.co/XsblUsiNXU,215.962005615234,14.0920104980469
2020-06-30,RT @SpaceX: Falcon 9‚Äôs first stage has landed on the Just Read the Instructions droneship! https://t.co/5zYhTFDUsM,215.962005615234,14.0920104980469
2020-06-30,RT @SpaceX: Liftoff! https://t.co/E2xaQQNw1w,215.962005615234,14.0920104980469
2020-06-30,RT @teslaownersSV: The tesla supercharger provides an ecosystem and network of amazing travel and shopping opportunities. I plan a lot of t‚Ä¶,215.962005615234,14.0920104980469
2020-06-26,.@JeffBezos is a copy üêà haha https://t.co/plR7uupqBG,191.947998046875,-5.24800109863281
2020-06-26,"Who controls the memes,
controls the Universe",191.947998046875,-5.24800109863281
2020-06-26,https://t.co/e9dPKVSjjl,191.947998046875,-5.24800109863281
2020-06-26,Literally,191.947998046875,-5.24800109863281
2020-06-26,Only a matter of time before someone steals a Tesla while playing GTA on a Tesla,191.947998046875,-5.24800109863281
2020-06-26,North American Supercharger usage tracking to exceed pre covid highs in 2 to 3 weeks. Lot of noise out there. This is signal. https://t.co/PCC5DlthtA,191.947998046875,-5.24800109863281
2020-06-25,RT @GerberKawasaki: First thoughts driving my new Tesla model Y. Review and discussion of what I learned at Tesla today and outlook for the‚Ä¶,197.195999145508,5.0260009765625
2020-06-25,Two Starship tanks in the midbay https://t.co/QJ2V882WOC,197.195999145508,5.0260009765625
2020-06-25,Special thanks to Tesla trucking &amp; rail partners for figuratively &amp; literally going the extra mile,197.195999145508,5.0260009765625
2020-06-25,Apologies to Tesla customers for shifting delivery dates. It‚Äôs a crazy world out there!,197.195999145508,5.0260009765625
2020-06-25,"RT @cleantechnica: Wall Street Journal: Tesla Model Y Offers ‚ÄúFierce, Velvety‚Äù Driving¬†Characteristics https://t.co/dGY24gCVLz",197.195999145508,5.0260009765625
2020-06-22,Tentative date for Tesla Shareholder Meeting &amp; Battery Day is Sept 15. Will include tour of cell production system.,198.863998413086,-1.31599426269531
2020-06-22,Reminder that Tesla Full Self-Driving (FSD) price goes up by $1k on July 1st,198.863998413086,-1.31599426269531
2020-06-22,Enabling basic Tesla Autopilot via Tesla in-app purchase is reduced to $2k until July 1,198.863998413086,-1.31599426269531
2020-06-19,Juneteenth is henceforth considered a US holiday at Tesla &amp; SpaceX,200.179992675781,-0.612014770507813
2020-06-18,RT @SpaceX: More than 100 spacecraft have been signed up to fly on Falcon 9 since we launched the rideshare program. Small satellite operat‚Ä¶,200.792007446289,2.43400573730469
2020-06-17,"RT @tegmark: Help us find an unsung hero! If they win, they get $50k &amp; you get up to $3k for nominating/spreading the word. Our first 3 awa‚Ä¶",198.358001708984,1.9320068359375
2020-06-16,"SpaceX is building floating, superheavy-class spaceports for Mars, moon &amp; hypersonic travel around Earth https://t.co/zLJjz43hKw",196.425994873047,-1.75399780273438
2020-06-16,All Model S cars made since late Jan have 402 mile range. This is just making it official.,196.425994873047,-1.75399780273438
2020-06-15,Tesla Model S now first ever electric vehicle to receive EPA range rating above 400 miles! https://t.co/EOTwVfvHS5,198.179992675781,11.1239929199219
2020-06-15,China &amp; Asia Pacific Supercharger usage above pre-covid highs. North America catching up fast. Europe slightly behind. https://t.co/Em23E2AFyO,198.179992675781,11.1239929199219
2020-06-11,lol,194.567993164063,-10.4420013427734
