Word,Count
tesla,629
model,260
spacex,245
good,180
launch,174
rocket,166
car,160
falcon,159
like,151
time,129
first,127
dragon,118
great,117
new,116
cars,110
next,110
one,101
people,101
space,94
high,94
would,93
thanks,93
much,91
test,91
landing,91
soon,88
flight,85
solar,83
year,80
make,79
mars,78
coming,76
love,76
team,76
yes,73
even,70
production,69
back,69
starship,69
today,68
need,67
work,66
really,65
best,65
still,65
long,64
full,63
go,62
way,62
super,62
autopilot,62
day,61
boring,61
right,60
get,59
world,59
week,59
going,58
heavy,57
better,56
mission,55
power,55
earth,54
nasa,54
company,54
live,53
almost,53
video,53
real,52
well,52
many,51
years,51
driving,51
please,50
true,49
drive,48
ai,48
mins,48
made,47
ever,47
tomorrow,47
maybe,47
future,46
speed,46
want,45
looks,45
needed,45
orbit,45
software,45
stage,45
last,44
lot,43
engine,43
think,43
california,43
use,43
energy,43
see,42
battery,42
air,42
order,42
know,41
electric,41
support,40
article,40
end,40
life,40
fire,40
tunnel,40
night,38
texas,38
big,38
thrust,38
cost,38
awesome,37
sure,37
important,37
system,37
change,37
worth,37
working,37
self,37
moon,36
station,36
days,36
pm,36
supercharger,36
small,35
teslamotors,35
less,35
yeah,34
cool,34
design,34
mph,34
miles,34
hard,34
droneship,34
roof,34
may,33
makes,33
using,33
review,33
cape,33
take,32
probably,32
range,32
short,32
could,32
done,32
top,32
vehicle,32
free,32
ship,32
owners,32
help,31
enough,31
something,31
must,31
say,31
safety,31
version,31
hours,31
every,31
happy,30
tonight,30
max,30
booster,30
called,29
around,29
china,29
look,29
land,29
hyperloop,29
climate,29
fairing,29
fun,28
read,28
kids,28
month,28
always,28
try,28
amazing,28
looking,28
two,28
later,28
satellites,28
technology,27
things,27
times,27
goes,27
motor,27
ok,27
tax,27
service,27
crew,27
space_station,27
public,26
gas,26
update,26
water,26
online,26
appreciated,26
price,26
without,25
low,25
said,25
far,25
months,25
weeks,25
home,25
thank,25
three,25
house,25
part,25
course,25
giga,25
starlink,25
deep,24
factory,24
media,24
unveil,24
feel,24
testing,24
fast,24
road,24
already,24
data,24
name,24
product,24
thing,24
got,23
canaveral,23
hope,23
half,23
risk,23
engineering,23
might,23
money,23
another,23
upper,23
machine,23
come,22
major,22
used,22
cause,22
little,22
advanced,22
making,22
show,22
possible,22
definitely,22
engines,22
auto,22
buy,22
city,22
news,21
europe,21
baby,21
reason,21
open,21
term,21
side,21
several,21
rear,21
exactly,21
anything,21
static,21
aiming,21
value,21
mode,21
doge,21
longer,20
play,20
piece,20
exciting,20
thought,20
sense,20
sec,20
problem,20
size,20
point,20
hold,20
pressure,20
option,20
astronauts,20
story,20
control,20
per,20
orbital,20
never,20
credit,20
start,20
velocity,20
release,20
reading,19
clear,19
spaceship,19
needs,19
likely,19
pad,19
truck,19
forward,19
reentry,19
welcome,19
body,19
weather,19
believe,19
tank,19
yet,19
center,19
attempt,19
powerwall,19
delivery,19
cybertruck,19
sound,18
interesting,18
others,18
bad,18
bring,18
satellite,18
view,18
zero,18
nothing,18
return,18
owner,18
announcement,18
crazy,18
landed,18
sales,18
increase,18
progress,18
build,18
gigafactory,18
turns,18
cover,17
force,17
humanity,17
note,17
everyone,17
second,17
roadster,17
completed,17
hopefully,17
literally,17
someone,17
games,17
date,17
confirmed,17
stop,17
fly,17
spacecraft,17
direct,17
congrats,17
takes,17
allow,17
getting,17
sounds,17
chance,17
available,17
trying,17
early,17
weekend,17
higher,17
fuel,17
companies,17
within,17
twitter,17
plaid,17
hat,17
performance,16
red,16
history,16
built,16
details,16
mile,16
beautiful,16
webcast,16
pic,16
watch,16
final,16
beta,16
giant,16
berlin,16
base,16
target,16
site,16
idea,16
semi,16
set,16
morning,16
run,16
fine,16
lower,16
customers,16
carbon,16
imo,16
rock,16
building,16
actual,16
light,16
level,16
plan,16
record,16
give,16
dual,16
starting,16
fsd,16
volume,15
country,15
beyond,15
recommend,15
close,15
ago,15
move,15
fully,15
near,15
charge,15
irony,15
though,15
movie,15
vertical,15
physics,15
ask,15
firing,15
systems,15
solarcity,15
goal,15
person,15
critical,15
feels,15
away,15
post,15
proud,15
line,15
coast,15
delivered,15
left,15
congratulations,15
ny,15
oxygen,15
reach,15
tunnels,15
flamethrower,15
went,14
ice,14
ground,14
saying,14
game,14
huge,14
room,14
north,14
sorry,14
song,14
seems,14
april,14
means,14
let,14
transport,14
taking,14
four,14
sustainable,14
global,14
appreciate,14
travel,14
launching,14
plus,14
talk,14
adding,14
wheel,14
clean,14
burn,14
least,14
orders,14
rate,14
easter,14
late,14
sell,14
able,14
launches,14
science,14
america,14
meme,14
bitcoin,14
non,13
put,13
excellent,13
art,13
rockets,13
trip,13
single,13
matters,13
white,13
bit,13
find,13
foundation,13
whole,13
send,13
sunday,13
playing,13
old,13
mass,13
creating,13
meant,13
heat,13
successful,13
party,13
market,13
glad,13
agree,13
snow,13
norway,13
main,13
ready,13
safe,13
ocean,13
anyone,13
human,13
underway,13
glass,13
altitude,13
everything,13
competition,13
currently,13
summon,13
raptor,13
reports,12
book,12
pass,12
passed,12
thrusters,12
picture,12
tweet,12
event,12
place,12
pack,12
complete,12
minutes,12
computer,12
slightly,12
tracking,12
pod,12
austin,12
latest,12
case,12
grasshopper,12
tons,12
expected,12
stock,12
took,12
customer,12
operating,12
highest,12
works,12
comments,12
traffic,12
extremely,12
general,12
hardware,12
wrong,12
question,12
flying,12
million,12
grid,12
improvements,12
metal,12
drone,12
abort,12
liftoff,12
teams,12
sun,12
earlier,12
fins,12
normal,12
special,12
phone,12
costs,12
wait,12
neuralink,12
boca,12
ride,11
highly,11
shot,11
friend,11
music,11
designed,11
saw,11
taken,11
tech,11
reusable,11
happen,11
head,11
series,11
bought,11
simulation,11
pretty,11
mind,11
front,11
effect,11
create,11
bay,11
star,11
meeting,11
ahead,11
source,11
opening,11
across,11
include,11
wd,11
tests,11
rest,11
anywhere,11
seats,11
experience,11
gets,11
report,11
positive,11
hover,11
batteries,11
electricity,11
track,11
check,11
complex,11
vacuum,11
deployed,11
seeing,11
certainly,11
legs,11
call,11
basically,11
faster,11
upgrade,11
given,11
pay,11
easy,11
feedback,11
steel,11
swap,11
radar,11
bar,11
seen,11
comes,11
tap,11
either,11
id_aa_carmack,11
worked,11
matter,11
kind,11
hw2,11
boringcompany,11
tanks,11
death,10
south,10
wrote,10
black,10
landings,10
created,10
heart,10
smart,10
button,10
thinking,10
however,10
torque,10
gen,10
action,10
co2,10
gasoline,10
commercial,10
state,10
obvious,10
excited,10
become,10
towards,10
chamber,10
appreciation,10
started,10
rating,10
trend,10
scientists,10
past,10
points,10
elonmusk,10
blog,10
dealers,10
vote,10
vehicles,10
named,10
tmrw,10
utility,10
press,10
buying,10
shows,10
law,10
impact,10
feature,10
requires,10
outside,10
prob,10
demo,10
oh,10
universe,10
parts,10
letter,10
word,10
instructions,10
panels,10
def,10
area,10
steering,10
double,10
nosecone,10
hearing,9
nice,9
man,9
heard,9
usually,9
based,9
rain,9
american,9
leg,9
friday,9
shorts,9
often,9
escape,9
lost,9
cat,9
page,9
code,9
large,9
questions,9
fix,9
active,9
green,9
pacific,9
merlin,9
publish,9
favor,9
atmosphere,9
program,9
ensure,9
considered,9
except,9
number,9
hardcore,9
worldwide,9
journey,9
camera,9
guys,9
original,9
demand,9
vid,9
superchargers,9
issue,9
keep,9
happened,9
deployment,9
found,9
thursday,9
job,9
core,9
required,9
priority,9
tested,9
govt,9
probability,9
inside,9
net,9
difference,9
turn,9
thru,9
guess,9
vandenberg,9
significant,9
liquid,9
mention,9
fleet,9
false,9
background,9
humans,9
kinda,9
improve,9
gravity,9
ascent,9
insane,9
missions,9
cryo,9
aliens,9
consider,9
favorite,9
interior,9
rolling,9
access,9
eggs,9
difficult,9
prices,9
dogecoin,9
starbase,9
total,8
fear,8
hear,8
engineers,8
tough,8
wanted,8
truth,8
reality,8
current,8
magic,8
mean,8
sometimes,8
mostly,8
incredible,8
sold,8
tell,8
wish,8
multiplanetary,8
mt,8
racing,8
holding,8
pushing,8
asimov,8
scale,8
opens,8
door,8
international,8
splashdown,8
july,8
incredibly,8
headed,8
industry,8
solve,8
dark,8
starts,8
pure,8
roll,8
avg,8
completing,8
consumer,8
articles,8
moving,8
particularly,8
seem,8
added,8
valley,8
hot,8
initial,8
unless,8
bill,8
locations,8
tx,8
watching,8
f9,8
hit,8
features,8
says,8
dealer,8
directly,8
wind,8
supersonic,8
prior,8
payload,8
request,8
extreme,8
behind,8
care,8
latter,8
paid,8
simple,8
network,8
website,8
window,8
local,8
primary,8
possibly,8
screen,8
mach,8
propellant,8
app,8
limited,8
enable,8
quite,8
selling,8
greater,8
fossil,8
tree,8
operational,8
versions,8
guaranteed,8
filters,8
temp,8
rapidly,8
secs,8
extra,8
bfr,8
nov,8
catch,8
reminder,8
refund,8
starhopper,8
received,7
lots,7
reasons,7
options,7
holiday,7
ideas,7
peace,7
returned,7
theonion,7
ten,7
russia,7
together,7
happens,7
finished,7
amazingly,7
factor,7
massive,7
exist,7
ways,7
dead,7
fired,7
doors,7
docking,7
class,7
giving,7
google,7
president,7
feed,7
interview,7
vegas,7
affordable,7
sf,7
generated,7
seconds,7
shield,7
boat,7
provided,7
carry,7
fixed,7
intense,7
mr,7
oil,7
diff,7
response,7
biggest,7
warming,7
faith,7
hour,7
achieved,7
totally,7
sky,7
entire,7
loop,7
store,7
funny,7
recent,7
planet,7
answer,7
flamethrowers,7
surface,7
delivering,7
thruster,7
pods,7
preparing,7
raise,7
deploy,7
tried,7
canada,7
upgraded,7
cargo,7
egg,7
hoping,7
color,7
hate,7
development,7
bigger,7
york,7
legal,7
visit,7
construction,7
sign,7
capability,7
florida,7
tricky,7
boost,7
loved,7
third,7
unfortunately,7
harder,7
else,7
operation,7
sports,7
hawthorne,7
stations,7
japan,7
autonomous,7
develop,7
monday,7
winds,7
driver,7
injuries,7
drives,7
shortly,7
hypersonic,7
regarding,7
apollo,7
waiting,7
drops,7
official,7
quality,7
entry,7
intelligence,7
artificial,7
lose,7
schedule,7
planning,7
obviously,7
otherwise,7
incentives,7
slow,7
ludicrous,7
regions,7
wide,7
approval,7
region,7
list,7
countries,7
summary,7
presentation,7
package,7
godot,7
happening,7
integrated,7
promising,7
interplanetary,7
paint,7
especially,7
load,7
destination,7
coverage,7
join,7
chica,7
shanghai,7
cyberpunk,7
header,7
blackouts,7
solarglass,7
usage,7
mom,6
park,6
hi,6
random,6
challenges,6
actions,6
business,6
approach,6
stay,6
produced,6
fail,6
cut,6
yay,6
weight,6
storm,6
um,6
posted,6
london,6
prototype,6
vibe,6
solution,6
storage,6
wing,6
monkey,6
apparently,6
assembly,6
experts,6
came,6
candy,6
wishes,6
nytimes,6
told,6
eve,6
basic,6
increasing,6
minus,6
addressed,6
cannot,6
written,6
step,6
remember,6
spaceflight,6
cameras,6
dragonlaunch,6
map,6
faa,6
crash,6
central,6
precision,6
transfer,6
mounted,6
link,6
strong,6
ramp,6
elon,6
finish,6
running,6
suspension,6
atlantic,6
lt,6
duty,6
stars,6
distance,6
wired,6
aka,6
lift,6
stores,6
closed,6
form,6
suv,6
fair,6
powered,6
cash,6
flow,6
license,6
yup,6
sad,6
primarily,6
study,6
roughly,6
provide,6
ama,6
reddit,6
turned,6
cold,6
evidence,6
coal,6
australia,6
footage,6
largest,6
produce,6
minor,6
smaller,6
correct,6
improving,6
states,6
resources,6
sent,6
despite,6
youtube,6
eventually,6
helium,6
ultra,6
resale,6
hell,6
potential,6
beginning,6
interested,6
voice,6
doubt,6
python,6
internet,6
simply,6
technically,6
fit,6
sea,6
lateral,6
rapid,6
hand,6
seriously,6
twice,6
exceed,6
closer,6
parking,6
national,6
humor,6
continue,6
contract,6
follow,6
tip,6
row,6
suggestions,6
ww,6
hydraulic,6
tho,6
minute,6
student,6
section,6
exponential,6
acceleration,6
postponed,6
asia,6
race,6
falling,6
discussion,6
words,6
achieving,6
midnight,6
hospital,6
accurate,6
functionality,6
underground,6
regulatory,6
clarify,6
lukealization,6
gone,6
ordering,6
standard,6
ordered,6
awd,6
activate,6
metric,6
existing,6
tiles,6
cell,6
tube,6
affected,6
touch,6
bro,6
gonna,6
underappreciated,6
elevator,6
advance,6
hats,6
solved,6
emoji,6
gps,6
lol,6
obv,6
helping,6
memes,6
v3,6
cleantechnica,6
enabling,6
usa,6
ms,6
raptors,6
dome,6
sn4,6
covid,6
snl,6
handle,5
west,5
deliver,5
extending,5
justice,5
character,5
including,5
becomes,5
boeing,5
moment,5
weapons,5
remain,5
compelling,5
larry,5
studio,5
school,5
broke,5
feeling,5
attack,5
spend,5
afternoon,5
unveiling,5
superdraco,5
enables,5
stream,5
photo,5
damn,5
likes,5
nuclear,5
launched,5
tall,5
college,5
books,5
leaving,5
lovely,5
save,5
optimistic,5
brynmooser,5
judge,5
billion,5
fact,5
pending,5
aborted,5
countdown,5
forever,5
propulsion,5
exceeds,5
gear,5
alone,5
valve,5
reached,5
count,5
flies,5
russian,5
vector,5
visible,5
port,5
ton,5
dan,5
email,5
necessary,5
smoking,5
causing,5
federal,5
loves,5
museum,5
envelope,5
accelerate,5
fastest,5
driven,5
sept,5
alien,5
project,5
charging,5
pitch,5
throttle,5
tower,5
anyway,5
dc,5
accelerating,5
ev,5
meter,5
merry,5
changing,5
slam,5
east,5
logs,5
thoughtful,5
subsidies,5
allowing,5
personally,5
block,5
sxsw,5
hrs,5
separation,5
recovery,5
stuff,5
contact,5
dedicated,5
perfect,5
sensible,5
motors,5
hexacopter,5
bug,5
chris,5
truly,5
platform,5
tight,5
places,5
investors,5
manufacturing,5
efficiency,5
add,5
monty,5
density,5
outcome,5
deaths,5
affects,5
rather,5
serious,5
consumers,5
taxes,5
instead,5
battle,5
expansion,5
annual,5
developing,5
plans,5
funding,5
ac,5
margin,5
beer,5
diameter,5
issues,5
gm,5
mexico,5
asked,5
upcoming,5
rail,5
probable,5
sunset,5
improved,5
pick,5
accident,5
damage,5
injury,5
reduce,5
seat,5
amount,5
bonnienorman,5
knows,5
policy,5
route,5
score,5
security,5
cloud,5
announcing,5
recode,5
mentioned,5
honored,5
trouble,5
oatmeal,5
v1,5
repair,5
drag,5
digital,5
palo,5
alto,5
geo,5
trust,5
lease,5
drop,5
ones,5
learning,5
automatically,5
spaceport,5
fluid,5
rud,5
repairs,5
released,5
structure,5
p85d,5
grade,5
traction,5
changes,5
rated,5
upgrades,5
civilization,5
ancient,5
results,5
august,5
height,5
robots,5
reference,5
analysis,5
key,5
learn,5
min,5
waitbutwhy,5
march,5
defense,5
products,5
ui,5
drew,5
write,5
india,5
evs,5
secret,5
completely,5
edge,5
shortfall,5
numbers,5
levels,5
pre,5
environment,5
allows,5
june,5
neural,5
input,5
master,5
amounts,5
listening,5
openai,5
v8,5
ultimate,5
followed,5
digging,5
compute,5
limit,5
supporters,5
breaks,5
die,5
learned,5
installed,5
dec,5
board,5
messed,5
shirt,5
hurt,5
bricks,5
box,5
mad,5
credibility,5
liketeslakim,5
deliveries,5
brain,5
filter,5
ships,5
halves,5
epa,5
caught,5
v10,5
rage,5
respect,5
training,5
corona,5
signal,5
flaps,5
crypto,5
bumper,4
family,4
download,4
missed,4
sequel,4
role,4
rip,4
conversation,4
recently,4
tweets,4
donating,4
suck,4
ariane,4
friends,4
careful,4
fate,4
economy,4
housing,4
disagree,4
moves,4
feb,4
dream,4
mark,4
un,4
break,4
korea,4
healthy,4
bringing,4
wings,4
theme,4
loaded,4
bus,4
attention,4
worry,4
picked,4
lights,4
supporting,4
dawn,4
wonder,4
award,4
fallout,4
nature,4
address,4
problems,4
rollout,4
woohoo,4
announce,4
ignition,4
require,4
breakthrough,4
mega,4
killing,4
machines,4
combustion,4
limits,4
navigation,4
arrays,4
milestone,4
sale,4
sending,4
planes,4
touchdown,4
arrives,4
los,4
angeles,4
function,4
standing,4
beach,4
vac,4
comment,4
debate,4
none,4
caused,4
finally,4
fall,4
noting,4
research,4
neither,4
anti,4
guy,4
sigh,4
sweet,4
knight,4
deeply,4
process,4
teslas,4
neil,4
spirit,4
nyt,4
survival,4
motortrend,4
pics,4
highway,4
stops,4
exposure,4
reply,4
ca,4
talulahriley,4
skit,4
installation,4
consumerreports,4
apple,4
quotes,4
describe,4
silver,4
infinite,4
species,4
figure,4
millions,4
shervin,4
improvement,4
approved,4
aircraft,4
eg,4
useful,4
apart,4
experiment,4
clearly,4
riding,4
position,4
tow,4
gives,4
ion,4
grandfather,4
journalists,4
fake,4
affect,4
engaged,4
senate,4
avoid,4
arrived,4
considering,4
savings,4
ie,4
sooner,4
jupiter,4
hole,4
fewer,4
indeed,4
backup,4
tues,4
laws,4
beauty,4
explanation,4
hundreds,4
aero,4
warranty,4
pls,4
kidding,4
losing,4
dmv,4
lands,4
watched,4
stormy,4
argument,4
understand,4
rocks,4
bloomberg,4
westcoastbill,4
throughout,4
coffee,4
telling,4
shop,4
vast,4
chicken,4
pet,4
delay,4
environmental,4
abt,4
face,4
pickup,4
zip2,4
achieve,4
private,4
ban,4
purchase,4
known,4
decide,4
image,4
docked,4
lbs,4
forgot,4
easier,4
duration,4
believing,4
turning,4
recirc,4
investigate,4
coating,4
spacesuit,4
alpha,4
titanium,4
suit,4
generator,4
jon_favreau,4
operate,4
tiny,4
processing,4
loads,4
subsonic,4
dog,4
fires,4
survey,4
plane,4
restart,4
inspection,4
spin,4
success,4
solid,4
whether,4
internal,4
replaced,4
apogee,4
raised,4
constantly,4
cells,4
capacity,4
christmas,4
cross,4
winter,4
lord,4
writing,4
discovered,4
ad,4
serve,4
reaching,4
odds,4
zeroth,4
reliability,4
honor,4
v2,4
detailed,4
hull,4
superintelligence,4
potentially,4
applies,4
brake,4
unveiled,4
placed,4
deal,4
wsj,4
xprize,4
jan,4
chip,4
banks,4
detail,4
charger,4
wall,4
focused,4
reusability,4
deck,4
elevators,4
impossible,4
curious,4
shear,4
lake,4
rumor,4
pyramids,4
rise,4
supercharging,4
colors,4
similar,4
remains,4
rare,4
helps,4
birthday,4
unknown,4
thousand,4
expect,4
inevitable,4
lane,4
fremont,4
bioweapon,4
v7,4
roads,4
import,4
independent,4
cautious,4
deserve,4
autonomy,4
suborbital,4
jeff,4
flights,4
paris,4
timing,4
sequence,4
res,4
dumb,4
health,4
skiesforme,4
material,4
mit,4
spoke,4
sing,4
optional,4
receive,4
nickel,4
unlikely,4
physical,4
thread,4
symbiosis,4
merger,4
seamlessly,4
cores,4
returning,4
ends,4
sensors,4
p100d,4
government,4
wednesday,4
incl,4
shareholder,4
fav,4
improves,4
iridium,4
dropped,4
lmk,4
minecraft,4
summer,4
moo,4
jack,4
example,4
steam,4
navigate,4
worse,4
social,4
danger,4
worst,4
epic,4
astronaut,4
hundred,4
thanksgiving,4
edition,4
blood,4
wild,4
apocalypse,4
generate,4
sentient,4
cryptocurrency,4
device,4
starman,4
falconheavy,4
shark,4
steven,4
parafoil,4
bankrupt,4
optimized,4
stcom,4
dr,4
rules,4
thailand,4
logistics,4
render,4
blade,4
proof,4
layers,4
enhanced,4
band,4
jam,4
ftw,4
depending,4
coin,4
nets,4
resume,4
soul,4
essential,4
sn8,4
jwangark,4
sat,3
quote,3
arguably,3
recommended,3
thoughts,3
talent,3
leader,3
lie,3
creative,3
stopped,3
walked,3
met,3
artists,3
haiti,3
covered,3
onion,3
age,3
om,3
felt,3
dying,3
richardbranson,3
liked,3
screw,3
sucks,3
bang,3
horse,3
meal,3
violence,3
information,3
fight,3
fareedzakaria,3
crisis,3
explode,3
woman,3
thinks,3
docks,3
pucker,3
tuned,3
audience,3
sellers,3
roller,3
hits,3
ooh,3
chart,3
showing,3
type,3
purple,3
squirrels,3
tea,3
produces,3
lightning,3
domain,3
nikola,3
eat,3
cats,3
becoming,3
dinner,3
bday,3
dig,3
limbic,3
evil,3
extend,3
fan,3
strange,3
bob,3
signed,3
approx,3
hq,3
cycling,3
ipo,3
inspiring,3
apspacechat,3
occupymars,3
prize,3
recharging,3
propulsive,3
refer,3
adjust,3
simulations,3
partners,3
comm,3
locked,3
terminal,3
initiated,3
jump,3
floating,3
airport,3
popular,3
women,3
equal,3
acid,3
ahem,3
volcano,3
patents,3
oxford,3
style,3
period,3
combine,3
bright,3
individuals,3
played,3
gigawatt,3
particular,3
concerns,3
related,3
san,3
greatest,3
assembled,3
hop,3
edt,3
adults,3
britain,3
kill,3
editor,3
german,3
rover,3
lining,3
gave,3
technical,3
gold,3
fermi,3
paradox,3
somehow,3
douglas,3
situation,3
fusion,3
iphone,3
cowboy,3
perspective,3
cute,3
restored,3
lithium,3
fiction,3
killed,3
johnny,3
permission,3
cnn,3
cnbc,3
cheese,3
winning,3
formula,3
exceptional,3
ability,3
parameters,3
nominal,3
expensive,3
acts,3
goods,3
command,3
inhibit,3
override,3
im,3
born,3
legislation,3
expanding,3
brownsville,3
vaccines,3
audi,3
bmw,3
yep,3
telemetry,3
sonic,3
providing,3
updates,3
keeps,3
century,3
spent,3
committee,3
subject,3
gun,3
political,3
english,3
petition,3
poll,3
eirene_inc,3
lifting,3
virginia,3
officer,3
trippy,3
holds,3
transit,3
grow,3
rebel_sal,3
paying,3
nested,3
frame,3
confident,3
depends,3
apply,3
martin,3
joined,3
forget,3
fill,3
circle,3
hands,3
paradise,3
weird,3
pushed,3
noted,3
fiat,3
severe,3
suggesting,3
scientific,3
claim,3
beat,3
emphasize,3
wisdom,3
cases,3
incent,3
perhaps,3
lives,3
moreover,3
tv,3
shareholders,3
result,3
transporter,3
pounds,3
present,3
thurs,3
partial,3
recall,3
pump,3
arthurblake,3
vents,3
packet,3
brakes,3
meaning,3
economic,3
updated,3
arriving,3
pdt,3
descent,3
achieves,3
designing,3
immediately,3
uhh,3
inconel,3
printer,3
failure,3
train,3
af,3
deg,3
flush,3
lidar,3
assuming,3
sphere,3
pieces,3
george,3
satisfaction,3
delta,3
geostationary,3
passing,3
description,3
pull,3
turbopump,3
mon,3
reviews,3
wed,3
tierrauniversu,3
writer,3
investigating,3
supply,3
shipping,3
population,3
edmunds,3
upload,3
brilliant,3
monopoly,3
receives,3
rescue,3
jersey,3
computing,3
agreed,3
breakfast,3
bbc_topgear,3
mikejudge,3
silicon,3
leasing,3
soft,3
horizontal,3
enroute,3
inspector,3
aboard,3
examination,3
f1,3
queen,3
gwh,3
growing,3
wave,3
dangerous,3
galaxy,3
increased,3
daily,3
nevada,3
calendar,3
revenue,3
september,3
galactic,3
config,3
larger,3
trim,3
advocates,3
cookies,3
choc,3
cookie,3
snake,3
keeping,3
plenty,3
phase,3
calling,3
loses,3
shd,3
angle,3
recovered,3
upon,3
stuck,3
replace,3
stacking,3
fund,3
shares,3
strongly,3
allowed,3
streets,3
immune,3
fault,3
pricing,3
approaching,3
excess,3
explosion,3
resolution,3
motion,3
posting,3
stable,3
robot,3
child,3
helpful,3
contribution,3
david,3
noon,3
kwh,3
hence,3
nuke,3
researchers,3
menu,3
rural,3
mashable,3
viruses,3
yo,3
peak,3
tilburg,3
walk,3
although,3
plants,3
aaronpaul_8,3
shade,3
naturally,3
mid,3
ramping,3
vtol,3
jeffbezos,3
carrying,3
adjusting,3
aim,3
reviewed,3
causeway,3
helo,3
hangar,3
connected,3
garage,3
downloading,3
died,3
outer,3
greatly,3
reduced,3
radio,3
comedy,3
unusually,3
magnitude,3
causes,3
zone,3
gift,3
field,3
elements,3
inspired,3
exact,3
vicentes,3
centers,3
passenger,3
easily,3
controls,3
maximize,3
happiness,3
signing,3
ota,3
porsche,3
uses,3
speculation,3
behalf,3
cap,3
cam,3
collision,3
misleading,3
transporting,3
setting,3
capabilities,3
lbf,3
beast,3
capable,3
confirm,3
airframe,3
appears,3
crush,3
explained,3
reflight,3
panasonic,3
nhtsa,3
location,3
sensitive,3
rotation,3
aspirationally,3
son,3
loss,3
regulators,3
unlike,3
disabled,3
criticism,3
maker,3
streaming,3
entirely,3
bake,3
account,3
preview,3
specific,3
westworld,3
ex,3
expectations,3
unexpected,3
nonsense,3
germany,3
dollar,3
according,3
signs,3
urban,3
finds,3
daylight,3
heating,3
hail,3
fee,3
vision,3
holidays,3
logo,3
churchill,3
shadow,3
nhtsagov,3
lax,3
certain,3
officeofomar,3
conditions,3
advise,3
realize,3
safely,3
jokes,3
leak,3
root,3
movement,3
express,3
wikipedia,3
different,3
scheduled,3
message,3
traveling,3
spy,3
tile,3
plays,3
warning,3
sled,3
begins,3
airplanes,3
wine,3
held,3
safest,3
fundamental,3
pedestrians,3
tires,3
requirements,3
sn1,3
advancing,3
november,3
officially,3
fh,3
nobody,3
vastly,3
houses,3
living,3
investor,3
putting,3
reel,3
victory,3
unreal,3
blue,3
sim,3
buyer,3
movies,3
blow,3
applied,3
offering,3
rid,3
flat,3
downtown,3
documentary,3
tuesday,3
tour,3
ho,3
horses,3
terrible,3
hello,3
regular,3
asteroid,3
laser,3
tintin,3
serving,3
flown,3
jonah,3
solving,3
wake,3
precise,3
merch,3
middle,3
statement,3
paine,3
balloon,3
advertising,3
q1,3
bet,3
quietly,3
warren,3
skip,3
wheels,3
taps,3
earn,3
attacking,3
leaked,3
comfort,3
emissions,3
freedom,3
shelter,3
spice,3
srsly,3
alive,3
exists,3
remotely,3
cave,3
paper,3
catching,3
donor,3
returns,3
maintain,3
irl,3
s3xy,3
wherever,3
referral,3
crewed,3
annoying,3
scam,3
commission,3
cities,3
accounts,3
hepa,3
worlds,3
starships,3
buyers,3
display,3
seated,3
throughput,3
offer,3
stainless,3
inventory,3
dance,3
hopper,3
mrbeastyt,3
entropy,3
tbh,3
common,3
warm,3
thousands,3
bottom,3
emo,3
records,3
drivers,3
degree,3
fyi,3
moth,3
kong,3
horn,3
dogs,3
entertainment,3
direction,3
merkin,3
goosewayneyt,3
netflix,3
cancel,3
nürburgring,3
removal,3
gravitas,3
homeowner,3
personnel,3
breathing,3
dojo,3
nn,3
hack,3
archillect,3
moral,3
ventilators,3
hospitals,3
gaelic_neilson,3
gateway,3
highs,3
interests,3
reliable,3
suppliers,3
cov2,3
departure,3
burns,3
capture,3
sn10,3
commercial_crew,3
targeting,3
lil,3
nbcsnl,3
miniature,2
van,2
voltaire,2
mayemusk,2
kanye,2
singing,2
acting,2
sam,2
harris,2
garfunkel,2
guest,2
dj,2
season,2
retired,2
neighborhood,2
apj,2
xmas,2
brought,2
unicef,2
borders,2
necessarily,2
collective,2
fundamentally,2
essay,2
kanyewest,2
lockheed,2
unveils,2
strategy,2
absolutely,2
horsef,2
massie,2
catherine,2
counter,2
intuitive,2
historical,2
stephen,2
hacked,2
bomb,2
liberty,2
powerful,2
enemies,2
largely,2
defeated,2
estate,2
hide,2
jobs,2
hurts,2
mayans,2
signature,2
conf,2
decided,2
seemed,2
twist,2
tsla,2
grief,2
maligned,2
von,2
wood,2
boys,2
rough,2
launchpad,2
strongest,2
protest,2
ghost,2
buffer,2
sheer,2
saturn,2
shuttle,2
functional,2
imagine,2
democratic,2
sketch,2
search,2
squirrel,2
jim,2
facility,2
frodo,2
northern,2
dock,2
surrounded,2
towers,2
taught,2
mountain,2
owed,2
physically,2
empire,2
fought,2
endurance,2
dude,2
hanging,2
cherry,2
dear,2
decides,2
rand,2
pong,2
plastic,2
continuance,2
adventure,2
describing,2
meet,2
jon,2
thedailyshow,2
desire,2
premise,2
convinces,2
coachella,2
premiere,2
baseball,2
cholera,2
daviddarg,2
five,2
flame,2
filed,2
john,2
clarke,2
wang,2
reviewing,2
putin,2
nonstop,2
hops,2
deadly,2
whatever,2
errors,2
answered,2
autosequence,2
entering,2
planned,2
visiting,2
communication,2
blocked,2
captured,2
marks,2
deorbit,2
checks,2
sufficiently,2
indistinguishable,2
de,2
shades,2
richardgarriott,2
weighs,2
donate,2
meltdown,2
vacation,2
rainnwilson,2
hosting,2
hero,2
phd,2
password,2
effective,2
democracy,2
angels,2
society,2
cancer,2
tobacco,2
british,2
jacket,2
gen3,2
compared,2
decades,2
civilizations,2
funded,2
koch,2
conservative,2
group,2
dansitu,2
brian,2
dynamic,2
rises,2
predict,2
sight,2
barrier,2
drove,2
sedan,2
stopping,2
spaceships,2
criticisms,2
corrections,2
sunlight,2
rig,2
luggage,2
trunk,2
facing,2
talulah,2
le,2
headline,2
bbc,2
univ,2
royal,2
improbability,2
multi,2
colony,2
finger,2
convenient,2
continued,2
recap,2
events,2
relative,2
kerosene,2
isp,2
tea_in_space,2
creator,2
hp,2
ultimately,2
owned,2
danretz,2
reactor,2
located,2
argue,2
thermometer,2
ars,2
hottest,2
kale,2
eating,2
chief,2
content,2
muslim,2
rally,2
obama,2
collect,2
batasrki,2
ran,2
push,2
showed,2
revolutions,2
powers,2
lebeaucarnews,2
carried,2
sae,2
chrissimmons,2
usairforce,2
drift,2
attempting,2
array,2
proceeding,2
oslo,2
norwegian,2
trivia,2
minnesota,2
mn,2
talking,2
leave,2
cultural,2
mimes,2
jbsiegelmd,2
ted,2
tedchris,2
plum,2
brook,2
glenn,2
jbmeicher,2
malkosh,2
roadandtrack,2
comet,2
std,2
secured,2
parachutes,2
booms,2
slight,2
quarter,2
extinguisher,2
bankruptcy,2
enterprise,2
fighting,2
competitive,2
yelp,2
fool,2
profitable,2
bjartereve,2
trilogy,2
adams,2
intro,2
courses,2
capitol,2
sides,2
balance,2
hang,2
partly,2
counteract,2
influence,2
competitors,2
prevent,2
latimes,2
asks,2
manufacturers,2
equipment,2
orbitalsciences,2
commissioner,2
evolving,2
justinchace,2
announcements,2
follows,2
shortville,2
tcmeggs,2
silly,2
realbhuwan,2
slacker,2
span,2
f9r,2
telescoping,2
piston,2
mistakes,2
thebradholt,2
skills,2
understood,2
raises,2
guarantee,2
boosters,2
heavily,2
accounting,2
rightly,2
mistake,2
legally,2
strain,2
brother,2
mystery,2
aston,2
songs,2
raimisj,2
dpinsen,2
uncertainty,2
lte,2
amish,2
peter,2
rive,2
danabrunetti,2
louder,2
stone,2
pneumatic,2
stanford,2
funds,2
doe,2
loan,2
importantly,2
chrysler,2
failed,2
specifically,2
wants,2
deny,2
denying,2
catastrophic,2
consensus,2
round,2
rebuttal,2
lung,2
kid,2
meds,2
tweeting,2
promote,2
grind,2
handling,2
rich,2
paypal,2
consumption,2
credits,2
trees,2
taxing,2
purchases,2
amendment,2
linearities,2
loops,2
sudden,2
picking,2
nose,2
orbits,2
structural,2
decade,2
priorities,2
generation,2
projects,2
bodes,2
meantime,2
contains,2
windows,2
asking,2
flows,2
threshold,2
helped,2
tcp,2
walks,2
replies,2
john_gardi,2
closest,2
tobiasvdb,2
frames,2
aug,2
en,2
donkey,2
nighter,2
cows,2
gestures,2
printing,2
illusion,2
figured,2
cooling,2
anomalies,2
tbd,2
badastronomer,2
venting,2
sa,2
insertion,2
energized,2
printed,2
headlines,2
toughest,2
traditional,2
fluctuations,2
paranoid,2
borescope,2
aborts,2
slower,2
honda,2
advice,2
separate,2
circuit,2
measure,2
ses_satellites,2
exclusive,2
mobile,2
crane,2
stored,2
thaicom,2
departing,2
spring,2
v6,2
lego,2
choice,2
servicing,2
teslaroadtrip,2
christie,2
graphite,2
war,2
arc,2
mushroom,2
rushmore,2
revolutionary,2
olejandersen,2
itsdanielsuarez,2
marinasblinova,2
oddly,2
drink,2
juice,2
inaccurate,2
stories,2
accept,2
seas,2
preventing,2
computers,2
transmitting,2
supports,2
senjohnmccain,2
dod,2
uncompeted,2
missouri,2
sneak,2
afterwards,2
nasaspaceflight,2
members,2
stowed,2
mouse,2
correll,2
competitor,2
awards,2
lucrative,2
quantumg,2
prince,2
forum,2
sloths,2
mammoths,2
confused,2
panel,2
beats,2
exponentially,2
six,2
camping,2
biological,2
increasingly,2
guardians,2
painting,2
succeed,2
eff,2
arstechnica,2
patent,2
bars,2
drivetrain,2
spain,2
accel,2
fixing,2
graph,2
clears,2
suggested,2
japanese,2
nav,2
intentional,2
cumulative,2
ihop,2
recover,2
discount,2
incorrect,2
comic,2
lame,2
overload,2
redesign,2
fin,2
independently,2
width,2
dune,2
herbert,2
placing,2
illiteracy,2
raisin,2
trickery,2
culture,2
utopian,2
connects,2
actuator,2
strangely,2
unscheduled,2
disassembly,2
begging,2
thesimpsons,2
barrel,2
dense,2
algorithm,2
tougher,2
null,2
sledgehammer,2
proceed,2
remaining,2
following,2
pilot,2
plant,2
reno,2
eyes,2
verify,2
subtle,2
chains,2
untrue,2
blocks,2
odd,2
share,2
brief,2
safer,2
supported,2
hidden,2
changed,2
photos,2
buildings,2
quiet,2
pros,2
cons,2
admit,2
yrs,2
sticking,2
overpressure,2
treating,2
lair,2
killer,2
invest,2
fwd,2
romn8tr,2
info,2
kit,2
grain,2
salt,2
chutes,2
stats,2
encourage,2
miss,2
fuels,2
imf,2
compete,2
letting,2
stem,2
shown,2
bonus,2
kitten,2
ocisly,2
nomanssky,2
thestreet,2
suggests,2
shutdown,2
hex,2
kevinmitnick,2
postpone,2
advent,2
arms,2
alyssa_milano,2
alyssa,2
loic,2
various,2
corner,2
dusk,2
autosteer,2
bjornnyland,2
colonizing,2
forbes,2
judging,2
mods,2
handed,2
scottlucasnv,2
preorders,2
complexity,2
evolution,2
intelligent,2
expendable,2
moons,2
applications,2
sample,2
filtering,2
talented,2
increases,2
andrewshiamone,2
lordsshrivas,2
interface,2
comprehensive,2
ch4,2
esthetic,2
exits,2
snap,2
enormous,2
curve,2
infrastructure,2
duties,2
correctly,2
jeffrey,2
mactechgenius,2
levie,2
generalized,2
unaware,2
square,2
units,2
described,2
luck,2
triggered,2
restarting,2
presenting,2
offset,2
morganpage,2
exit,2
bowie,2
collet,2
lockout,2
latch,2
carrier,2
translating,2
ruds,2
police,2
brazil,2
reservations,2
algorithms,2
tegmark,2
episodes,2
estimate,2
subsidy,2
growth,2
atlas,2
performed,2
splitting,2
alarm,2
rising,2
temps,2
presidential,2
campaign,2
checking,2
tickets,2
passage,2
ireland,2
server,2
disappointed,2
token,2
lined,2
cards,2
mail,2
simultaneously,2
efforts,2
dynamically,2
adjusts,2
gerardomarina,2
regional,2
reaches,2
analog,2
rwd,2
michaelsd01,2
techgrltweeter,2
beam,2
refinement,2
mm,2
locally,2
loyalty,2
surprisingly,2
continues,2
jerry22499879,2
switched,2
turbo,2
alaska,2
nonesuchzach,2
ingredient,2
toxic,2
potus,2
cowbell,2
knowing,2
hitler,2
bots,2
microsoft,2
dannysparker,2
amplified,2
stronger,2
qa,2
mrboylan,2
erothenberg,2
phillipcjackson,2
gdoehne,2
purged,2
items,2
jcsat,2
areas,2
sacev,2
slowed,2
kg,2
goodness,2
hotter,2
foremost,2
ambien,2
automotive,2
merc,2
labor,2
towing,2
contributed,2
fourth,2
exclusively,2
existed,2
concern,2
complaints,2
hardest,2
expecting,2
destroy,2
sub,2
floats,2
collinalexbell,2
tsrandall,2
tragic,2
shredded,2
lab,2
occurred,2
wavelength,2
fog,2
decent,2
speaking,2
focus,2
mobileye,2
finishing,2
soundtrack,2
blows,2
insurance,2
united,2
airplane,2
completes,2
recycling,2
chassis,2
cupola,2
nvidia,2
supercomputer,2
fictional,2
impacted,2
journalist,2
rev,2
signals,2
fireball,2
apparent,2
couple,2
autolist,2
retains,2
configs,2
environments,2
oct,2
ratio,2
diamonds,2
rorschach,2
debt,2
fraud,2
mining,2
ceo,2
electrekco,2
spot,2
expects,2
coincidence,2
supplemental,2
robust,2
arrive,2
addition,2
surrounding,2
services,2
stryker_88,2
uncover,2
trailer,2
lived,2
occupied,2
shall,2
nuts,2
deus,2
wifi,2
uploading,2
resolving,2
rewatched,2
highlight,2
desk,2
tillerson,2
believed,2
council,2
negatively,2
strength,2
walking,2
street,2
responsible,2
nowhere,2
served,2
sacrificed,2
dad,2
counting,2
ironically,2
disruption,2
candidate,2
existential,2
downloaded,2
waste,2
speak,2
teleportation,2
flip,2
dug,2
lesson,2
tunneling,2
poems,2
gary,2
snail,2
length,2
holes,2
anonymous,2
councils,2
rides,2
opera,2
committed,2
pins,2
taste,2
tzero,2
junkyard,2
flaw,2
prof,2
postponing,2
permits,2
knew,2
dammit,2
significantly,2
painted,2
cast,2
segment,2
handover,2
unit,2
nuances,2
tinny,2
explain,2
propaganda,2
surprise,2
videos,2
insightful,2
constant,2
draft,2
animation,2
regulated,2
food,2
drugs,2
diving,2
deleting,2
eclipse,2
publication,2
mason,2
naughty,2
strobe,2
itchgrid,2
pusher,2
warr,2
nk,2
leaders,2
path,2
iac2017,2
opposite,2
puerto,2
rico,2
patriciapaje,2
stamping,2
frost,2
buys,2
godfather,2
atatürk,2
broken,2
skull,2
figuratively,2
authorities,2
kimbal,2
courtesy,2
risks,2
oversight,2
bot,2
dreams,2
chicago,2
preserve,2
inspire,2
millinery,2
lb,2
proportionate,2
tears,2
river,2
mountains,2
viewing,2
secretly,2
zombie,2
customs,2
shipment,2
renaming,2
views,2
click,2
profile,2
belt,2
exceeded,2
etched,2
parked,2
somewhere,2
catcher,2
mitt,2
intact,2
falls,2
bureaucracy,2
earning,2
realized,2
jazz,2
cyclists,2
releases,2
respects,2
pulls,2
monopolies,2
dare,2
interlocking,2
seismic,2
anarcho,2
uh,2
guided,2
godspeed,2
memory,2
tool,2
king,2
woke,2
plot,2
buffett,2
resist,2
investing,2
rococo,2
ankle,2
accidents,2
realiti,2
smoothly,2
pravda,2
readers,2
define,2
clicks,2
advertise,2
critique,2
designs,2
noise,2
pravduh,2
spores,2
pollen,2
greg,2
contest,2
braking,2
burning,2
quaint,2
tbc,2
impressed,2
newsrooms,2
publishing,2
papers,2
globe,2
socialism,2
socialists,2
philosophy,2
influenced,2
shifts,2
productive,2
teach,2
enemy,2
frank,2
sus,2
rn,2
thescalex,2
essentially,2
consciousness,2
spacefaring,2
planets,2
excession,2
whoop,2
narrow,2
gaps,2
mini,2
maneuvering,2
fda,2
looked,2
proven,2
meetings,2
stargate,2
fellowship,2
straight,2
condition,2
shops,2
external,2
midsize,2
anime,2
applying,2
atari,2
v9,2
enjoying,2
dang,2
shorting,2
contingent,2
lexfridman,2
defcon,2
makers,2
thigh,2
boss,2
quickly,2
brave,2
joerogan,2
simplify,2
metallic,2
brick,2
cents,2
grant,2
repaired,2
operations,2
yousuck2020,2
shortseller,2
enrichment,2
megnsander,2
runner,2
vangelis,2
bend,2
saves,2
souls,2
fruit,2
dankest,2
fresh,2
officialjaden,2
indicator,2
deleted,2
titles,2
horizon,2
sponge,2
slowing,2
renewable,2
wildfire,2
pot,2
french,2
trucking,2
circulating,2
cutting,2
romance,2
toilet,2
soc,2
touched,2
ramps,2
sooo,2
streamed,2
densely,2
guide,2
invented,2
fart,2
utilities,2
colorado,2
spelled,2
backwards,2
businessinsider,2
breaking,2
steady,2
vat,2
sentry,2
touchscreen,2
bach,2
mariachi,2
factories,2
initially,2
joe,2
leo190102,2
amsterdam,2
rickandmorty,2
estimated,2
respawn,2
technocracy,2
hollow,2
kw,2
doubles,2
atmospheric,2
meteor,2
heatshield,2
brandynspears,2
covers,2
hw3,2
finest,2
duck,2
defeats,2
crushing,2
varies,2
dataset,2
relatively,2
continuous,2
sheep,2
predicted,2
delays,2
hydrogen,2
unable,2
uk,2
zealand,2
sats,2
bandwidth,2
porting,2
thus,2
reducing,2
earthquake,2
eric,2
copy,2
flag,2
whenever,2
incentive,2
hair_tennant,2
ramses,2
martian,2
chomsky,2
mk1,2
dislike,2
megapack,2
fred,2
astaire,2
strangers,2
jayleno,2
releasing,2
powerglide,2
corporate,2
heh,2
hey,2
rental,2
economics,2
generates,2
solves,2
suns,2
income,2
permanently,2
requirement,2
monthly,2
payments,2
polytopia,2
dmt,2
wins,2
raceway,2
flap,2
hinge,2
selected,2
shifting,2
solutions,2
caraoke,2
outages,2
protection,2
blackout,2
woody,2
whoa,2
homes,2
zillow,2
installs,2
q2,2
replacement,2
retrofit,2
apologies,2
parachute,2
gentrify,2
ball,2
syd,2
mead,2
nitrogen,2
math,2
yoda,2
delete,2
witcher,2
prison,2
buff,2
excitement,2
lyrics,2
invitations,2
tops,2
inference,2
cake,2
converted,2
career,2
strawberries,2
vibes,2
esthetics,2
stunning,2
sn2,2
panic,2
expanded,2
rave,2
spoken,2
c19,2
medical,2
impressive,2
stand,2
club,2
ambient,2
grimezsz,2
banner,2
multiplayer,2
smōl,2
facto,2
county,2
marx,2
ariel,2
durant,2
medium,2
average,2
purpose,2
automaker,2
johnnacrider0,2
github,2
phones,2
wearables,2
das,2
gaslit,2
stimulus,2
sn5,2
techno,2
provides,2
teslarati,2
memery,2
panzer,2
catches,2
trivial,2
guerre,2
padre,2
maximum,2
sn9,2
tiki,2
penguin,2
recruiting,2
cycles,2
cyberpunkgame,2
gaming,2
entertaining,2
resupply,2
hotfixes,2
shorty,2
discord,2
clubhouse,2
graffiti,2
loki,2
currency,2
shiba,2
literal,2
godzilla,2
neuralinks,2
lit,2
musk,2
saturday,2
miners,2
maxis,2
stonehenge,1
iceland,1
vlad,1
rink,1
nuys,1
sequitur,1
twain,1
replied,1
premature,1
biography,1
ben,1
franklin,1
isaacson,1
yum,1
fried,1
butter,1
attest,1
char,1
missives,1
randomly,1
ranging,1
shoes,1
moses,1
polite,1
opaque,1
sorely,1
crowd,1
cry,1
glorious,1
il,1
sung,1
awesomeness,1
hitchens,1
lying,1
raul,1
campos,1
invited,1
gig,1
kcrw,1
selections,1
russians,1
subjects,1
talents,1
rebuilt,1
presents,1
orphanage,1
doctors,1
situations,1
ulitmate,1
extension,1
twitmeme,1
consequences,1
economist,1
geological,1
anthropocene,1
personal,1
resonated,1
malaria,1
usual,1
msf,1
checkmate,1
ambitious,1
ctg,1
showers,1
spoon,1
mood,1
scented,1
candles,1
barry,1
ing,1
judgment,1
passion,1
sew,1
tailor,1
cook,1
chef,1
er,1
robert,1
modern,1
misery,1
microscope,1
pinker,1
connector,1
island,1
whatcouldpossiblygowrong,1
lighter,1
rhcp,1
mightier,1
knife,1
neck,1
puny,1
dealt,1
overbuilt,1
prediction,1
ouch,1
expansive,1
portrait,1
respectfully,1
laid,1
kick,1
butt,1
stud,1
jonlovett,1
predicting,1
premier,1
reveal,1
exec,1
denali,1
letters,1
apt,1
magical,1
cowboys,1
herding,1
livin,1
grown,1
graders,1
equus,1
powertrain,1
dyno,1
somebody,1
jong,1
showbiz,1
phrase,1
punishes,1
insincere,1
mourners,1
paranoia,1
trait,1
communicate,1
willing,1
coaster,1
defend,1
unreasonably,1
lars,1
trier,1
optioned,1
rights,1
treehouse,1
radiation,1
blasting,1
eruption,1
lady,1
doth,1
blah,1
macdeviant,1
realtime,1
blowing,1
compares,1
bentobewild,1
identical,1
flare,1
blocking,1
uprising,1
syria,1
foster,1
searched,1
teslasbigfan,1
ski,1
samovar,1
iron,1
goddess,1
mercy,1
monkeys,1
motavalli,1
highlighted,1
kqed,1
iran,1
gollum,1
precious,1
loopernor,1
plutostamp,1
horizons,1
tommao1,1
studied,1
leading,1
serbia,1
booth,1
geneva,1
talked,1
delicious,1
sugar,1
shack,1
louisiana,1
swamp,1
lions,1
apology,1
dogkind,1
darth,1
vader,1
poster,1
explains,1
founded,1
battles,1
polar_broadband,1
junk,1
antarctica,1
vinge,1
superhuman,1
apocalypses,1
underwear,1
picker,1
adeoressi,1
parties,1
rockstar,1
responsibility,1
bioshock,1
ayn,1
dystopia,1
hegelian,1
dialectic,1
tornadoes,1
tossing,1
trailers,1
dismisses,1
lawsuit,1
brazilian,1
surgeon,1
picante,1
ivo,1
pitanguy,1
besides,1
ensuring,1
stewart,1
nearly,1
artistsforpeace,1
boy,1
sharks,1
lasers,1
aristocracy,1
wealth,1
pledge,1
compelled,1
nyc,1
coordination,1
anomaly,1
confined,1
love_to_dream,1
weaverwerx,1
huzel,1
heinlein,1
miahm,1
whester,1
geoffeg,1
linux,1
soyuz,1
dictator,1
reminded,1
reelection,1
prizes,1
diapers,1
chimpanzees,1
recalling,1
pointing,1
tracker,1
hesitation,1
nicer,1
hal9000,1
flew,1
perfectly,1
grasshopperproject,1
agency,1
diplomats,1
caller,1
id,1
telemarketer,1
scorch,1
p3,1
helicopter,1
departed,1
facilities,1
cameo,1
rodriguez,1
machete,1
kills,1
charlie,1
bolden,1
administrator,1
arthur,1
wore,1
marquis,1
sade,1
outfit,1
pairs,1
vanityfair,1
memoriam,1
nora,1
ephron,1
hoover,1
dams,1
girl,1
umlaut,1
newyorker,1
sportsman,1
dwb,1
screening,1
dir,1
prod,1
oliviawilde,1
wme,1
moonbow,1
maui,1
rainbow,1
n23mc,1
iansomerhalder,1
caldera,1
forgo,1
somnambulistic,1
exceptions,1
childhood,1
rg,1
qwerty,1
jesus,1
passwords,1
debating,1
citizen,1
revolution,1
moderated,1
harbor,1
yellowstone,1
pulling,1
trick,1
olympics,1
excellently,1
jolly,1
abandoned,1
biked,1
tweed,1
walalm,1
absolute,1
nopev,1
fantastic,1
downside,1
iproducefodrake,1
finite,1
patrickdorey81,1
rebate,1
optimize,1
muller,1
confirming,1
bryanwolfnow,1
liberal,1
merits,1
tides,1
ought,1
manipulators,1
adbusters,1
occupy,1
djjodes,1
supertruck,1
corners,1
rails,1
assessment,1
dickens,1
urgentspeed,1
thermal,1
pv,1
terawatt,1
justbe74,1
taxpayer,1
jury,1
selection,1
trial,1
alleged,1
gang,1
murder,1
contribute,1
armstrong,1
joebeernink,1
calc,1
diego,1
tied,1
ticketwaxter,1
theatlantic,1
bodies,1
xcteslatrip,1
vtvl,1
lapse,1
arcing,1
mkrapels,1
ummm,1
ticket,1
autobahn,1
astro_yyz,1
supercharged,1
b4,1
burgers,1
jack_jl,1
gimbals,1
yaw,1
henri,1
chat,1
noir,1
camus,1
nearby,1
alexander,1
hamilton,1
hurricane,1
sandy,1
doomed,1
unseat,1
denies,1
prevails,1
yousrc,1
amos,1
chose,1
sensational,1
misquoted,1
franco,1
thomas_tregner,1
curiousity,1
landscape,1
desert,1
newscientist,1
supersized,1
potatoes,1
aeronautical,1
liam,1
neeson,1
cthorm,1
ss,1
intl,1
newsstand,1
uranium,1
ore,1
amazon,1
uzbekistan,1
awesomexmasgifts,1
narrowly,1
nutcracker,1
translated,1
buttcracker,1
dmetcalf,1
massachusetts,1
zeitgeist2012,1
neowolf2,1
methane,1
prone,1
coking,1
purity,1
chrisbrandow,1
bm_,1
intlmanofrealty,1
screaming,1
destroyed,1
volcanoes,1
usgs,1
prbowman,1
equivalent,1
improbabletoad,1
believer,1
conveniently,1
imho,1
continuing,1
uncontrolled,1
awe,1
chasing,1
technica,1
problemo,1
karlschroeder,1
tristanlaurent,1
overheated,1
sustain,1
mandate,1
overlord,1
altho,1
moments,1
corresponding,1
engineer,1
junod,1
esquire,1
supplied,1
americans,1
terrorists,1
superdome,1
ers,1
sb47,1
indoor,1
autobloggreen,1
reuters,1
crater,1
busted,1
barack,1
antique,1
nazi,1
memorabilia,1
detours,1
pretended,1
tomleykis,1
tom,1
logging,1
explicit,1
detailing,1
broder,1
detour,1
genius,1
cdabel114,1
controversial,1
gimmick,1
halfway,1
peterdrives,1
abigailbassett,1
sulliview,1
promised,1
ericidle,1
faeloba,1
competitions,1
eng,1
andrewliebchen,1
externality,1
priced,1
mkt,1
behavior,1
hears,1
coolest,1
raising,1
nominally,1
transitioned,1
trending,1
inhibiting,1
initializing,1
glitch,1
avionics,1
bench,1
replicate,1
clearance,1
begin,1
maneuvers,1
capita,1
gallery,1
sdvillella,1
rebeccajarvis,1
ggf,1
asherlaw,1
ops,1
keynote,1
navidob,1
ibsen,1
stalin,1
emoticons,1
solzhenitsyn,1
ber,1
travisk,1
craig,1
venter,1
talks,1
flu,1
gesundheit,1
sharing,1
metaphysical,1
milkshake,1
anthropic,1
nezheim,1
benmacy,1
inflation,1
joshj777,1
reader,1
shoemaker,1
levy,1
bbcscitech,1
dinosaur,1
michaellindahl,1
a4,1
s7,1
m5,1
deanjfalkenberg,1
mouth,1
batsh,1
powering,1
secondary,1
visually,1
transmission,1
lock,1
rooftop,1
distractions,1
ernex,1
hah,1
a123,1
renames,1
b456,1
member,1
chocolate,1
hunt,1
bonanza,1
bobmetcalfe,1
association,1
repeal,1
stopman,1
michael,1
jeremys,1
jeremy,1
differ,1
sightalignment,1
mall,1
fleijerstam,1
gronnbilnorge,1
sb,1
teslatx,1
hhgttg,1
mpauldine,1
dreweathers,1
techcrunch,1
ryanjoyce88,1
variants,1
quietlybear,1
mech,1
ee,1
specialize,1
sarah,1
palin,1
calls,1
loser,1
wounded,1
bricking,1
bbq,1
lunch,1
advocate,1
e2,1
leads,1
feet,1
taniapalme,1
dies,1
reagan,1
clinton,1
jfk,1
ticeestes,1
accumulate,1
richardmatthias,1
debatable,1
dreary,1
admired,1
margaret,1
thatcher,1
nana,1
testifying,1
derrickgott007,1
constituents,1
lobby,1
utilize,1
franchised,1
act,1
sue,1
ruled,1
dismissing,1
twittelator,1
supremacy,1
physorg_com,1
whitehouse,1
pro,1
myabj,1
opinion,1
archforhumanity,1
afhdisasterteam,1
disposal,1
cnetnews,1
antares,1
dbhyslop,1
io,1
crossing,1
denied,1
in_sight_full,1
juliewestfall,1
neighbors,1
themilns,1
wringing,1
towel,1
clprenz,1
kirkburgess,1
rocketrichardp,1
ct_la,1
overruled,1
recommendation,1
trekker56,1
governor,1
nycomwireless,1
tapp697,1
clarification,1
wheelseditor,1
pace,1
sterling,1
mccall,1
virgingalactic,1
realtomlangel,1
div,1
wfww,1
requesting,1
supposed,1
sciam,1
bigballi,1
weigh,1
pronounced,1
niner,1
roulezelectric,1
ante,1
astrostephenson,1
overlapping,1
melissamontoyao,1
anne,1
lawmakers,1
rocco_thestreet,1
guaranteeing,1
unprecedented,1
backed,1
assets,1
chriscowan_,1
stoneymonster,1
indirect,1
floor,1
yatpay,1
populated,1
pataneous,1
formally,1
restating,1
nsf,1
sacrifice,1
identified,1
financing,1
alan_nestos,1
rotate,1
degrees,1
darma_setia,1
pigs,1
frozen,1
wastes,1
clarkson,1
jsonberland,1
fink_justin,1
relationships,1
vangsgutane,1
wehbyjammin,1
earnings,1
teslatrip,1
nirdthebird,1
geothermal,1
depth,1
detlefkroeze,1
douglasbullard,1
flyguynscc,1
porritt,1
bdcs,1
yard,1
sergey,1
cuff,1
electrification,1
djfrustration,1
licensing,1
prohibiting,1
recharged,1
howardreiter,1
roadsters,1
mjasandoval,1
seanchin,1
tethering,1
honing,1
constrained,1
annabananastand,1
text,1
enggirl,1
macallan,1
neat,1
vodka,1
danielmarshal15,1
jasonpolstein,1
grimmerkimmer,1
knits,1
gracenote,1
streams,1
cory,1
johnson,1
shill,1
behaves,1
spam,1
fish,1
al,1
yankovic,1
bryanclarke,1
broad,1
humanities,1
vicorly,1
itsokayyouknow,1
majority,1
lyndon,1
loud,1
druidic,1
dwarves,1
dancing,1
henge,1
destiny,1
xx,1
petting,1
zoo,1
mcbartvolgers,1
bolts,1
pistons,1
explosives,1
xyrth,1
gizmoman0,1
yes_andre,1
ultracapacitors,1
repay,1
repaid,1
division,1
italian,1
bloombergnews,1
varung_,1
belief,1
justifies,1
karlbrauer,1
tonykatz,1
zillion,1
log,1
wade,1
sapientcapital,1
sorts,1
indiv,1
merchants,1
centrist,1
shutting,1
shift,1
immediate,1
dyson,1
notion,1
certainty,1
kn0xvi11ain,1
columbus,1
subtlety,1
sthubblefan,1
keithwarren,1
deniers,1
referred,1
forresttanaka,1
badly,1
jagged,1
septum,1
breathe,1
older,1
bed,1
cosmicrami,1
halt,1
cg,1
proportionately,1
foods,1
ponder68,1
exempt,1
payment,1
costly,1
arguing,1
chemical,1
maxmberger,1
smartest,1
regulator,1
grayj_,1
constitutional,1
redo,1
census,1
bans,1
desired,1
subsidizing,1
paths,1
neutral,1
disincent,1
leilani,1
munter,1
carbonfreegirl,1
nc,1
robertgaristo,1
kindergartners,1
houston,1
chronicle,1
andreasjames,1
williamricci6,1
tweaks,1
skyscraper,1
qtr,1
cares,1
conflicting,1
sqminc,1
publicist,1
colonial,1
regularly,1
mcrsqr,1
aerospace,1
gwynne,1
derivative,1
zatulsky,1
shai,1
attending,1
lisaroutel,1
court,1
legislature,1
edited,1
multiple,1
angles,1
film,1
hvac,1
ir,1
davidepley,1
lougil_ace,1
grace,1
ext,1
neg,1
learns,1
uberfacts,1
buttload,1
measurement,1
gallons,1
henry,1
fielding,1
pen,1
captain,1
hercules,1
vinegar,1
udp,1
barman,1
briandunning,1
jlgolson,1
bittorrent,1
sip,1
schadlu,1
purely,1
prop,1
overcoming,1
studying,1
temochdez,1
el,1
miedo,1
anda,1
burro,1
cinderella,1
katiewoodencloak,1
littered,1
graves,1
cultures,1
hangout,1
pulled,1
deviation,1
stabilize,1
zillionth,1
manipulated,1
hologram,1
movements,1
holograph,1
tense,1
regen,1
emerges,1
eos,1
superalloy,1
rapide,1
autocar,1
proposed,1
rolls,1
johnnyhotts,1
correction,1
levitating,1
investigated,1
icbms,1
effort,1
practical,1
ansys,1
src,1
contributions,1
harnessing,1
status,1
debbieviviers,1
fuzzy,1
puzzle,1
relit,1
retro,1
spun,1
centrifuged,1
flamed,1
targeted,1
vectors,1
regime,1
topiary,1
bilbao,1
vancouver,1
tijuana,1
styel,1
woz,1
stevewoz,1
blogs,1
tn,1
clooney,1
solely,1
unjust,1
viewed,1
causeways,1
darksapiens,1
equatorial,1
disney,1
prelaunch,1
manual,1
resuming,1
lomac92,1
reserved,1
ses,1
solo,1
knock,1
yr,1
adammke,1
recalls,1
williamshatner,1
turbopumps,1
teb,1
cleaning,1
generators,1
impacts,1
concludes,1
defects,1
resolved,1
rechecking,1
horsepower,1
cleanly,1
pneumatics,1
precautionary,1
coasting,1
equator,1
toruonu,1
ufrugger10,1
nelson,1
mandela,1
constraint,1
sock,1
destruction,1
arcaresenal,1
simonhackett,1
teslamotorsclub,1
olajahr,1
ideally,1
sync,1
everywhere,1
fri,1
lampoon,1
prep,1
mnn,1
enforce,1
ohio,1
jade,1
rabbit,1
yutu,1
prove,1
regimes,1
mounting,1
surveyed,1
testify,1
ula,1
gordon_tindall,1
homeless,1
union,1
subverting,1
physicist,1
proposes,1
gov,1
impede,1
automobiles,1
ridiculous,1
jnags92,1
teamaizek,1
mined,1
x4nwo,1
satoshi,1
nakamoto,1
grads,1
threatens,1
missile,1
images,1
flatefred,1
cairnz,1
snowed,1
goparks,1
stayed,1
motel,1
blizzard,1
bkuppersmith,1
rolled,1
specially,1
belgium,1
akabrahamson,1
justincooperman,1
sums,1
reporter,1
claimed,1
cereal,1
distinction,1
execs,1
employee,1
signatures,1
entrust,1
takeoff,1
erwinemm,1
transitioning,1
boats,1
ftc,1
questioning,1
mockup,1
mk,1
trampoline,1
micahgtb,1
constrainedbyc,1
nitroc3ll,1
kalhomoud,1
forums,1
rocketrepreneur,1
creation,1
chefthefilm,1
repairing,1
mammals,1
mousetronauts,1
contracting,1
deserves,1
vp,1
sole,1
recipient,1
comparable,1
albert,1
princess,1
charlene,1
monaco,1
caranddriver,1
recording,1
blamed,1
extinction,1
ash_dale,1
haircut,1
inquiries,1
title,1
unsubsidized,1
fracked,1
upstate,1
deployable,1
perceived,1
usatoday,1
leroytwin,1
tesla_canada,1
canadian,1
subsequent,1
integrity,1
kaboom,1
orbcomm,1
carmel,1
boot,1
loader,1
invention,1
jrbarrat,1
drwave,1
daemon,1
irrelevantgamer,1
masseffect,1
saints,1
iv,1
bostrom,1
nukes,1
jackson,1
pollock,1
predawn,1
appeared,1
geosynchronous,1
inaugurates,1
stupid,1
joemullin,1
awadsayeed,1
billgates,1
ryanseacrest,1
retroactively,1
wikception,1
implemented,1
dev1,1
terminated,1
evanwiththebig,1
madrid,1
portugal,1
simul,1
pressed,1
hazard,1
cermak,1
tesla_europe,1
willoremus,1
yoshimasa_satoh,1
asiasat,1
transiting,1
noodles,1
shinjuku,1
struck,1
betw,1
markusvonroder,1
handing,1
jaxa_en,1
salina_snipes,1
avenue,1
mccarran,1
congratulate,1
fellow,1
winner,1
appreciative,1
suggestion,1
predictor,1
radically,1
adapts,1
rofl,1
southpark,1
sc,1
boitano,1
michigan,1
infrared,1
bank,1
unchanged,1
deepest,1
sympathies,1
families,1
pilots,1
virgin,1
blobs,1
shmizer1,1
unfettered,1
stages,1
micro,1
formations,1
rumors,1
canceling,1
cuteness,1
baboon,1
snuggled,1
teddy,1
bear,1
refuel,1
flyback,1
n2,1
surfaces,1
ricardor,1
communications,1
reread,1
competing,1
wellspring,1
poverty,1
punted,1
thoroughly,1
rule,1
doppelgänger,1
grand,1
curves,1
realz,1
heads,1
prepare,1
behaving,1
alankerlin,1
hydraulics,1
adds,1
strides,1
foggy,1
cigar,1
rendezvous,1
swimming,1
developers,1
cloudy,1
formulasae,1
steve,1
davis,1
racer,1
residual,1
smashing,1
hardover,1
fights,1
restore,1
tks,1
trakz,1
primer,1
advancement,1
thomasmuirhead,1
imb,1
railgun,1
exiting,1
photon,1
builds,1
nanotube,1
footbridge,1
newton,1
react,1
ejected,1
cuz,1
dragtimes,1
experiencing,1
p85,1
bunch,1
suvs,1
inverter,1
transmitter,1
l1,1
inbound,1
civilian,1
nicely,1
daniellockyer,1
observatory,1
vol,1
shots,1
slowdown,1
snowmobile,1
tire,1
studs,1
opportune,1
stonecutters,1
themes,1
egyptians,1
hedge,1
outlaw,1
abealem,1
illustrate,1
pandoomic,1
commons,1
windward,1
pantheon,1
mmmillion,1
noisy,1
grounded,1
contrary,1
banned,1
breakthroughs,1
chiefboltkennyh,1
techniques,1
revolutionize,1
mainstream,1
johngreen,1
hankgreen,1
sheen,1
gaddafi,1
liking,1
romantic,1
beautifully,1
debated,1
saved,1
ownership,1
waited,1
announced,1
benfeldman63,1
synch,1
anvil,1
successfully,1
bcs,1
philanthropic,1
aqueducts,1
breach,1
corrected,1
chase,1
aero4real,1
andrewket,1
tippy,1
proper,1
validation,1
exmachinamovie,1
conference,1
traveled,1
opportunity,1
kicker,1
powerpack,1
initials,1
io9,1
jankenbrandt,1
julie,1
christienic,1
teslap85d,1
hurtful,1
birth,1
attend,1
correcting,1
pregnancy,1
samurai,1
voxdotcom,1
ashlee,1
checked,1
subsidised,1
riddles,1
riddle,1
drill,1
cm,1
astronomer,1
rees,1
telegraph,1
certifies,1
kpe,1
grierallen,1
natedapore,1
figuring,1
rachelsearles,1
cos,1
stray,1
refuge,1
connollyjeff1,1
bros,1
fairly,1
davidbrin,1
adventfuturist,1
confidence,1
thorough,1
counterintuitive,1
juanmlemao,1
experienced,1
parsing,1
milliseconds,1
preliminary,1
conclusions,1
weaponry,1
military,1
catherinemotuz,1
caliber,1
tallakt,1
forms,1
alipoursamar,1
dealing,1
contrast,1
markings,1
faded,1
grey,1
concrete,1
parallel,1
autopark,1
snakebot,1
autocharger,1
photoshop,1
contingencies,1
unwarranted,1
sig,1
sethrogen,1
layin,1
emergence,1
europa,1
propose,1
deadmau5,1
belgian,1
ironmongery,1
empowering,1
communities,1
avron_p,1
mount,1
rack,1
suction,1
cups,1
stumplahoma,1
umbrella,1
hydrophobic,1
sasatokic,1
chamfered,1
achailleux,1
garages,1
johnzabroski,1
yoapp,1
jony,1
maclaren,1
dutch,1
magazine,1
appleinsider,1
hype,1
aikisteve,1
heosat,1
madolfsson,1
mpa81,1
teslapittsburgh,1
decays,1
absorbed,1
cycle,1
hamiltonofiyai,1
intentions,1
massively,1
overweights,1
roymoody,1
mramseywsj,1
elimelechweiss,1
mrteller,1
meddd__,1
salmaneei,1
jordan,1
bonnie,1
m4xrodri,1
gradually,1
octomagon,1
jonthomason,1
ryybuzz,1
cr,1
includes,1
jarkkokuoppala,1
backseatdiver,1
jessicatetreau,1
shanenickerson,1
spinal,1
cord,1
transplant,1
adaption,1
controller,1
smoothness,1
poor,1
approvals,1
excluding,1
gangsofgtown,1
abrax4s,1
establishing,1
javashri,1
prohibitively,1
category,1
roneijlander,1
affordability,1
cd,1
transcribed,1
nv,1
anakinsge,1
user,1
compliment,1
gertabildskov,1
startupljackson,1
atduarte,1
interviewing,1
burt,1
rutan,1
began,1
rarest,1
gto,1
bezos,1
bo,1
sorbonne,1
mikebloomberg,1
cygnus,1
laulauritzen,1
formation,1
open_ai,1
vance,1
rounding,1
updating,1
thresholds,1
craigcocca,1
paigeanjax,1
amplifies,1
o2,1
mashabletech,1
authorship,1
attempted,1
rebates,1
params,1
monte,1
carlo,1
runs,1
punting,1
forster,1
reverse,1
unsummon,1
vafb,1
debris,1
ingestion,1
conducted,1
overall,1
stunt_penguin,1
layon_overwhale,1
hefting,1
jimmyvosika,1
practice,1
flexibility,1
mbhnyc,1
uncle_gus,1
prevented,1
tipped,1
rotating,1
benzinga,1
allocated,1
inadvertently,1
theeconomist,1
rude,1
moonlighting,1
mysteryguitarm,1
reservation,1
garethseneque,1
accepted,1
erikroesegg,1
compression,1
formulas,1
chriskreidler,1
engadget,1
jointly,1
flyer,1
basseye,1
msb17,1
annadotblue,1
nathan,1
starbucks,1
tastes,1
subsidized,1
unpaid,1
elliegoulding,1
nathanfielder,1
staggeringly,1
overwhelmingly,1
stu,1
romclocko,1
reposting,1
derekslager,1
stain,1
vented,1
backing,1
strengthen,1
scrambling,1
tlkfremont,1
visibility,1
bubble,1
lorengrush,1
pernillet,1
dealings,1
subcontractor,1
curtismcauliff,1
donated,1
chrisdbond,1
astro_valdric,1
wk057,1
hacking,1
comp,1
outsource,1
retail,1
meaningful,1
stressful,1
territory,1
christianlguaje,1
aei,1
trump,1
deepmind,1
robglaser,1
mikegaalsf,1
avail,1
tint,1
milehighwilly,1
rossbin,1
evolve,1
cruise,1
arctic,1
preastro,1
kentnstephens,1
roddrury,1
sk,1
nz,1
haerone,1
gifteddiego,1
interest,1
grahamablair,1
jbourquee,1
steveagee,1
jacklipstone,1
rethink,1
mix,1
indiatoday,1
startuprabbi,1
redletterdave,1
convenience,1
tuning,1
grebakshay,1
model3owners,1
aakashhh_,1
stood,1
lines,1
raytech247,1
squallcraft,1
gifts,1
thrain,1
sundarpichai,1
gonzalobolio,1
amarnathrevanna,1
gatorwass,1
elombardo,1
rjpryan,1
eduardoforneck,1
peteehmkay,1
tapwin,1
mpatfield,1
crackedupcorson,1
andersrytter,1
alexbelohlavek,1
torvos,1
shifted,1
cowbells,1
golfshard,1
zooropa88,1
italy,1
only_hawk,1
alandbru,1
cmaxvs,1
headroom,1
bike,1
ikrivetko,1
b_rans,1
slim,1
tweaking,1
hbl_cosmin,1
turnaround,1
scottkelley99,1
contour,1
ongoing,1
amwolo_,1
trips,1
bvalvsracing,1
geography,1
ryancasburn,1
begets,1
snoozethroughf1,1
hitch,1
rgspan,1
neutyp,1
matte,1
waltnew,1
mindthreat,1
ryanhummer,1
sketches,1
christiano92,1
inspron,1
hatchback,1
stevehurd,1
qa2198,1
goesazedo,1
impromptu,1
cow,1
bells,1
cto,1
brianmrtz,1
unwise,1
samboykin,1
danahull,1
jpfrappier,1
dex,1
comms,1
speeches,1
rehearse,1
prompter,1
maximumblue,1
laurenshearer1,1
mthorpxxi,1
enlarging,1
aperture,1
metals,1
coat,1
cutlery,1
sgvcrime,1
stern,1
nickels,1
thehackersnews,1
rjcc,1
hotels,1
thelonelyisland,1
tli,1
upset,1
lonelysandwich,1
quick,1
succession,1
psychedelic,1
kinematic,1
absurdist,1
tay,1
scottmcnealy,1
wager,1
relaunch,1
refiring,1
realdarthbl,1
layer,1
kristiannairn,1
workable,1
abraham_cavazos,1
trickier,1
pica,1
cardoso,1
venus,1
journeys,1
duplicates,1
cancelled,1
qual,1
subtract,1
mattyteare,1
sigma,1
reserve,1
securing,1
mini_elon,1
jbdeck,1
tweetermeyer,1
rokbottomgamers,1
shields,1
vivekmgeorge,1
zuck,1
understanding,1
educated,1
scan,1
detected,1
vigneshraju,1
maya_kazan,1
temporary,1
spike,1
sorted,1
temporarily,1
johanmancus,1
precedent,1
scottymeuk,1
dericlew,1
spaceflightins,1
andyoneal,1
cyberdinex,1
leo,1
particulates,1
measurable,1
samsamlee777,1
trajectory,1
hansmikael,1
triple,1
deceleration,1
minimize,1
losses,1
tzepr,1
triumph,1
cheering,1
lifeofrockstar,1
shut,1
tim_stevens,1
cnet,1
iwritethewrong,1
snuggle,1
buffed,1
mercury,1
premises,1
kpixelsyt,1
injured,1
missing,1
digit,1
aluminum,1
honeycomb,1
absorption,1
contingency,1
forth,1
tipping,1
replay,1
katiefehren,1
karaswisher,1
waltmossberg,1
themotleyfool,1
explaining,1
lace,1
playoverwatch,1
blizzard_ent,1
ultrafast,1
fps,1
claiming,1
indicate,1
sought,1
impression,1
fraudulent,1
identification,1
cvk,1
topgear_bbca,1
sean,1
carroll,1
predicts,1
trillion,1
gain,1
compensate,1
experimentation,1
depletion,1
accordion,1
fucktyler,1
tyler,1
tswlm,1
periods,1
flooded,1
deluded,1
deranged,1
journalistic,1
thesaurus,1
animal,1
condolences,1
flamingos,1
flamingo,1
salad,1
fortune,1
sponsored,1
lowest,1
gandel,1
upvoted,1
peterdiamandis,1
fantaaiex,1
extensively,1
substitute,1
misunderstanding,1
masterplan,1
finishes,1
salesy,1
pied,1
piper,1
onboard,1
pennsylvania,1
eu,1
dust,1
decoupled,1
temporal,1
smoothing,1
coarse,1
penetration,1
hopeful,1
bosch,1
boschglobal,1
sensor,1
guardian,1
tempting,1
simultaneous,1
distraction,1
crack,1
convey,1
gatsby,1
appropriate,1
prevents,1
pedestrian,1
anecdote,1
deux,1
premiums,1
decline,1
driverless,1
org,1
congress,1
npr,1
historic,1
jb,1
yamada,1
guessing,1
jalopnik,1
minibus,1
libertarian,1
patenting,1
hamster,1
jamesrossi100,1
defending,1
jensen,1
dgx,1
democratizing,1
entrance,1
novel,1
characters,1
correlation,1
causality,1
severely,1
yukon,1
embargo,1
longstanding,1
originated,1
op,1
ed,1
abadcliche,1
lewischandlerdn,1
nope,1
quieter,1
afpaa,1
recordings,1
routine,1
filling,1
investigation,1
mercedes,1
a8,1
sedans,1
endangered,1
resistant,1
borowitzreport,1
xkcd,1
exxonmobil,1
forthcoming,1
bw,1
mct,1
iac2016,1
massossltd,1
cabin,1
pets,1
overheating,1
overhaul,1
gradual,1
regressions,1
criticized,1
loans,1
impulse,1
natgeo,1
gizmodo,1
settled,1
stack,1
tranport,1
sexbot,1
kerbal,1
sabotage,1
theories,1
rose,1
equity,1
corp,1
q4,1
saufkopf87,1
fortunemagazine,1
utter,1
empirical,1
denial,1
pennies,1
yahoofinance,1
debates,1
calculated,1
deceive,1
voters,1
uncovered,1
miami,1
herald,1
automated,1
searching,1
reads,1
skipped,1
ultrasonars,1
retrofitting,1
demonstrate,1
navigating,1
iac,1
cult,1
sharp,1
incorporate,1
defroster,1
generating,1
insulating,1
susceptible,1
gradient,1
algo,1
uncorks,1
reinforced,1
categories,1
ron,1
baron,1
institutional,1
evaluator,1
recommends,1
tally,1
unaffiliated,1
benny,1
hill,1
backlog,1
foldflat,1
skankhunt42,1
chemisdrey,1
smashes,1
lifts,1
forming,1
nozzle,1
modify,1
bays,1
deserted,1
chromejs10,1
carmaker,1
validate,1
machina,1
connection,1
modelxmas,1
pressing,1
booting,1
subzero,1
soak,1
switch,1
hw1,1
sonar,1
ludricrous,1
spec,1
achievable,1
deploying,1
shell,1
colossus,1
forbin,1
actuating,1
assess,1
actuation,1
percent,1
issued,1
adjustment,1
validating,1
gpu,1
steer,1
highways,1
thesammyyyd,1
wsimson,1
crenshaw,1
freeway,1
rex,1
needle,1
campus,1
suzie_official,1
immigration,1
amendments,1
seek,1
advisory,1
rejected,1
blanket,1
citizens,1
principles,1
benefical,1
inhaleray,1
restoring,1
manufacturer,1
opinions,1
alext4627,1
agenda,1
mentioning,1
entrant,1
removed,1
b0turner,1
gravimetric,1
fraction,1
daringkid,1
andresantoniop,1
activists,1
moderates,1
extremists,1
aanstadgard,1
thelaadams,1
judges,1
evaluating,1
p100dl,1
sets,1
schultz,1
baker,1
expedited,1
unconscious,1
lollieshopmom,1
groaning,1
ludwigmorelos,1
zperrin99,1
bleed,1
rp,1
tvc,1
overcome,1
error,1
dice,1
zybbby,1
symptomatic,1
upstream,1
trace,1
trigger,1
decay,1
coasters,1
pst,1
jj,1
australians,1
mcannonbrookes,1
ah_pton16,1
alternating,1
electronics,1
discuss,1
renewables,1
d1sneynut,1
ford,1
sued,1
s3x,1
noticing,1
edits,1
dedicate,1
obtuse,1
chemtrails,1
spared,1
values,1
amberheard,1
creepypuppet,1
cowanfilms,1
boostback,1
ring,1
nro,1
theoretical,1
aloft,1
bounds,1
worrying,1
showstopper,1
rereading,1
favorites,1
snoop,1
slo,1
mo,1
cannonball,1
impacting,1
overseas,1
naming,1
sickness,1
seizures,1
pineapple,1
segments,1
lowered,1
starter,1
cutterhead,1
staging,1
cousin,1
farm,1
wearing,1
africa,1
sayin,1
imma,1
hammer,1
moonlight,1
sonata,1
answers,1
boned,1
smooth,1
silk,1
scott,1
comparing,1
fidget,1
spinner,1
suzanakajtazaj,1
grants,1
wh,1
piggyback,1
sydney,1
commits,1
sources,1
trickydickychap,1
reuse,1
sloth,1
zootopia,1
poyntingceo,1
counted,1
disclosures,1
linear,1
extrapolation,1
vintage,1
avyas0,1
facial,1
treatment,1
brag,1
commands,1
the1manherd,1
angboire,1
markedtek,1
voodoo,1
dolls,1
eclecticlip,1
biz,1
commercialize,1
acp,1
ip,1
employees,1
svndee,1
automation,1
robb,1
chrispaine,1
stranger,1
programs,1
candlelight,1
vigil,1
forcibly,1
recalled,1
crushed,1
addresses,1
rescues,1
hubbard,1
redundant,1
conversations,1
mayorofla,1
bikes,1
rely,1
forgetting,1
toasty,1
emergency,1
choices,1
sped,1
indefinite,1
thecocoanaut,1
repositioned,1
closeup,1
glow,1
shielding,1
survive,1
begun,1
floors,1
skeleton,1
cristian_miuta,1
painful,1
grows,1
biting,1
checkout,1
sentimental,1
orgs,1
monster_bo1,1
appearance,1
verbose,1
exploration,1
settlement,1
aylaberan,1
bets,1
accordingly,1
elected,1
representatives,1
formal,1
occur,1
daveleebbc,1
dozen,1
verbal,1
phil,1
balt,1
discussing,1
mayor,1
vargas,1
tim,1
maiden,1
teslaownerclub,1
judged,1
differently,1
mkbhd,1
loveday,1
winners,1
poured,1
complaining,1
remained,1
verified,1
italia,1
changemyview,1
subreddit,1
clicked,1
arguments,1
azure,1
dota,1
concerned,1
defeat,1
players,1
esports,1
chess,1
schmidtlaxer,1
powerwalls,1
robotic,1
freighter,1
robcrawford08,1
kermit,1
gagtweets,1
cliff,1
reversed,1
wigs,1
geerinckx1989,1
developed,1
undergoing,1
sunglasses,1
bluerhythmics,1
conscious,1
beings,1
drank,1
jar,1
vigorously,1
opposed,1
subpoena,1
lamborghini,1
bulgariansat,1
squared,1
tilt,1
hyperloopone,1
c12olivas,1
opm,1
uncomfortable,1
spread,1
spilt,1
drinks,1
munich,1
blooper,1
gigarothpack,1
sandbox,1
virtual,1
civilizational,1
entangling,1
alliances,1
polarize,1
jakeblueatsm,1
prepemptive,1
strike,1
superiority,1
ww3,1
wendywednesday8,1
tentatively,1
reusabity,1
its_subhamk,1
doom,1
prev,1
dev,1
kickstarter,1
collecting,1
underpants,1
adelaide,1
planetary,1
colonizer,1
diverting,1
bottlenecks,1
kn,1
neutron,1
colliding,1
coulter,1
tilton,1
calebh92,1
poem,1
whoever,1
camped,1
hotel,1
whiskey,1
mores,1
jc,1
hotdog,1
campfire,1
anıtkabir,1
choose,1
mustafa,1
kemal,1
flowers,1
ribs,1
pierced,1
alternate,1
dimension,1
portal,1
invite,1
transform,1
latte,1
possibilities,1
australian,1
manufactured,1
rockies,1
radishing,1
regulate,1
wdn,1
sunrise,1
races,1
connecting,1
hare,1
oddity,1
merchandising,1
blindfolded,1
boringly,1
transcendent,1
majesty,1
specialness,1
capping,1
caps,1
refly,1
permian,1
brand,1
aficionados,1
exquisite,1
hg2g,1
ti,1
v5,1
synchronized,1
aerobatics,1
ufo,1
inversely,1
explanations,1
sinking,1
mcflashtube,1
cheesy,1
gratitude,1
sweat,1
detect,1
patient,1
sierra,1
roaming,1
mhmtkcn,1
skates,1
restaurant,1
johnkrausphotos,1
thunderhead,1
kennedy,1
zombies,1
hordes,1
undead,1
roasting,1
liven,1
blockchain,1
retrothrust,1
survived,1
shore,1
foreground,1
serial,1
complimentary,1
agencies,1
mrvergona,1
theendercobra,1
temperature,1
enhancement,1
pale,1
dot,1
sends,1
departures,1
awaits,1
zapped,1
allen,1
belts,1
holy,1
allowable,1
diminish,1
kept,1
attach,1
plumes,1
beams,1
rocketphotography,1
glovebox,1
toaster,1
exceedance,1
carries,1
broadband,1
constellation,1
martians,1
communicating,1
meters,1
timelines,1
sector,1
consultant,1
incenting,1
honesty,1
hispasat,1
packs,1
blend,1
fabric,1
subway,1
personalized,1
fairness,1
afford,1
prioritize,1
lisa,1
buttercup,1
amigos,1
plethora,1
prof_wsoff,1
intergalactic,1
exclamation,1
thud,1
pour,1
flaming,1
absinthe,1
glasses,1
jerusalem,1
speakeasy,1
masada,1
petra,1
loganfeatures,1
swiss,1
diesel,1
maintenance,1
providers,1
borderline,1
fb,1
slowly,1
creeping,1
georgepaul82,1
leonsarcade,1
walls,1
egypt,1
sphinx,1
temple,1
horus,1
lifesize,1
sculptures,1
bored,1
spar,1
syndicalist,1
commune,1
peasant,1
joking,1
twisted,1
messing,1
webbing,1
superstructure,1
scars,1
iitzbrendon,1
university,1
teslaquilla,1
bottles,1
tracks,1
dried,1
cheeks,1
chapters,1
critics,1
pointed,1
chapter,1
ditch,1
premiering,1
mary,1
shelley,1
hawking,1
johnnasabri,1
nutty,1
gayle,1
bouncy,1
cyborg,1
prehensile,1
eyebrows,1
frisbee,1
reentering,1
comin,1
rbc,1
absurd,1
showrooms,1
satisfy,1
bernstein,1
capex,1
boneheaded,1
newsletter,1
beforehand,1
along,1
questioners,1
ignored,1
analysts,1
represent,1
seller,1
thesis,1
shorted,1
ignore,1
tedious,1
cryptocandy,1
sake,1
willy,1
wonka,1
carnage,1
suggest,1
tiptoeing,1
moats,1
oligopolies,1
killin,1
moat,1
berkshire,1
hathaway,1
kryptonite,1
basilisk,1
catherineullo,1
corset,1
bone,1
tells,1
spiked,1
choker,1
machined,1
forged,1
crown,1
vantablack,1
skillzsz,1
quarterly,1
resulting,1
sweating,1
taunts,1
partnership,1
metro,1
aksingh_s,1
jimmyrussellexe,1
zacharyj98,1
unsafe,1
included,1
m3,1
quicker,1
ranger,1
paperwork,1
anechoic,1
emi,1
flags,1
botnets,1
editors,1
publications,1
detroitvictoria,1
journos,1
dollars,1
among,1
advertisers,1
holier,1
thou,1
hypocrisy,1
lay,1
sugarcoat,1
declining,1
mainhoonmaun,1
facebook,1
cryptoalesio,1
benschwartzy,1
kot_kotushkin,1
ukraine,1
bother,1
feelings,1
femtotech,1
nanotech,1
picotech,1
stunned,1
contempt,1
journo,1
outraged,1
hypermile,1
schematic,1
mike_marchioni,1
keyword,1
dfsullivan,1
claytongoobert,1
stating,1
threats,1
abusive,1
epithets,1
cup,1
holder,1
cupholders,1
remote,1
finders,1
keepers,1
filtration,1
bacteria,1
particulate,1
bwd,1
activated,1
protect,1
weaponized,1
virus,1
jars,1
nathanwickland,1
policies,1
exhaust,1
pipes,1
poison,1
gases,1
intake,1
singapore,1
prosperous,1
bf,1
drawing,1
maps,1
calculating,1
directions,1
pages,1
listings,1
classifieds,1
autotrading,1
apps,1
backpack,1
suitcase,1
grad,1
startup,1
khouri,1
mclaren,1
condo,1
cheaper,1
arranged,1
dramatically,1
cornering,1
terms,1
directed,1
unintentionally,1
concise,1
seuss,1
ham,1
throwflamesresponsibly,1
enacted,1
renamed,1
dainty,1
match,1
ignite,1
warmth,1
pile,1
zen,1
gentle,1
puffs,1
reporters,1
junior,1
newspaper,1
advancements,1
boston,1
ridder,1
websites,1
kr,1
hearst,1
reorg,1
unfiltered,1
capitalism,1
avoiding,1
restrict,1
proclaim,1
depressing,1
attended,1
articulate,1
underlying,1
isaac,1
education,1
anarchist,1
iain,1
minimal,1
socialist,1
pretending,1
harm,1
seeks,1
proving,1
heading,1
taimurstriker,1
tricked,1
foundational,1
uaw,1
corruption,1
organization,1
semiotic,1
asphyxiation,1
erotics,1
wi_writer,1
money23green,1
sleeps,1
seldom,1
awakens,1
sleeper,1
awaken,1
vicious,1
donotpanic,1
widespreadpanic,1
steward,1
bound,1
observable,1
impetus,1
outlets,1
tools,1
wbwhitehouse,1
spacebow,1
knaack,1
hal,1
controlling,1
davealexhou,1
amazed,1
bravery,1
resilience,1
tenacity,1
submarine,1
divers,1
iterating,1
inflatable,1
airlocks,1
contours,1
palicharterhigh,1
pool,1
imscoops,1
dive,1
monsoon,1
boar,1
soccer,1
simulating,1
outstanding,1
dylansheamusic,1
commitment,1
flint,1
contamination,1
stockholm,1
syndrome,1
fairings,1
profoundly,1
vice,1
senior,1
vigor,1
andromeda,1
ajanitpv,1
gp,1
roc,1
feather,1
ending,1
tickles,1
grimoire,1
dragged,1
gop,1
categorically,1
creature,1
wagnerian,1
mötor,1
trēnd,1
retweet,1
relentless,1
attacks,1
peddle,1
pulitzer,1
critic,1
imaginary,1
enclosed,1
pristine,1
wasting,1
wrap,1
aswhiting,1
prestocked,1
camper,1
selective,1
devices,1
guzzler,1
trunks,1
crumple,1
sadcookiecrisp,1
examples,1
playability,1
creativity,1
integrate,1
austjennings,1
classic,1
tictoc,1
einhorn,1
enhancements,1
handmaiden,1
director,1
korean,1
oldboy,1
mattdebord,1
ap,1
secure,1
socks,1
pockets,1
lipliner,1
unis3x,1
paired,1
sockboots,1
hqr,1
sz,1
wut,1
unbox,1
defeating,1
concert,1
wanna,1
rice,1
krispies,1
eliot,1
notes,1
spirited,1
doubtless,1
flashes,1
enthusiasm,1
criticizes,1
incessantly,1
banishing,1
reared,1
mccain,1
honorable,1
magnet,1
obsidian,1
thereal_scottv,1
newer,1
firms,1
encountering,1
extended,1
ummjackson,1
spammers,1
falcongridfin,1
livestreamed,1
vr,1
yusaku,1
figures,1
neiltyson,1
difficulties,1
environmentally,1
financially,1
illegal,1
reasonably,1
publicly,1
outsold,1
camry,1
gathered,1
verdict,1
boom,1
esper,1
ultrawhite,1
tomcross_,1
commander,1
studebaker,1
faltering,1
caring,1
visual,1
approximation,1
teslaquila,1
mecha,1
gearbox,1
scroller,1
balls,1
pogue,1
circumstances,1
geographic,1
foolish,1
na,1
puppies,1
brings,1
lemur,1
braden_holtgod,1
bloodborne,1
insta,1
zelda,1
chibi,1
wolverine,1
kirinodere,1
refresh,1
arrow,1
banana,1
gounther_,1
moths,1
puro,1
kevinjawbreaker,1
tylerthecreator,1
darkest,1
omg,1
preferred,1
tapping,1
brutal,1
officers,1
corporation,1
treasurer,1
secretary,1
confuse,1
sneaky,1
glamandgore,1
rc,1
chipdtooth,1
disturbingly,1
dimensional,1
sponges,1
simpler,1
theaters,1
precambrian,1
era,1
wars,1
budget,1
ridiculously,1
budgets,1
kingcloudsshop,1
psychohistory,1
bri_the_cheesy,1
oumuamua,1
mod,1
inactive,1
follower,1
decreased,1
ethical,1
accused,1
opportunities,1
accusers,1
billions,1
seangvarney,1
applauded,1
profits,1
dinosaurs,1
mine,1
betting,1
dumbest,1
jackcydia,1
alkaline,1
neutralization,1
energetic,1
colder,1
inert,1
boiler,1
stan,1
lee,1
imagination,1
delight,1
bulk,1
fortnite,1
diy,1
watchtowers,1
castle,1
watchtower,1
dirt,1
yell,1
insults,1
accent,1
minimizing,1
capital,1
skipping,1
trucks,1
acquired,1
siberian,1
permafrost,1
melting,1
currents,1
delightfully,1
recirculating,1
manually,1
blower,1
markets,1
jsteinerman,1
troopers,1
rangers,1
vans,1
mwolman98,1
worried,1
desalination,1
liter,1
cent,1
gallon,1
silicone,1
softly,1
dry,1
swim,1
stabilized,1
stalled,1
undamaged,1
dispatched,1
modded,1
roundabouts,1
passes,1
interchanges,1
trademark,1
brad,1
siewert,1
originally,1
alternative,1
faraday,1
overbooked,1
cancellation,1
waitlist,1
convinced,1
xi0n310,1
ramen,1
medieval,1
futurism,1
prufrock,1
buses,1
variety,1
belted,1
demonstrating,1
zips,1
continuously,1
teleporting,1
retractable,1
scheduling,1
bajirao,1
mastani,1
anxiety,1
scalar,1
gravestone,1
goodwill,1
kiev,1
turkey,1
chooses,1
brighter,1
smog,1
tuneups,1
replacements,1
offers,1
carpool,1
cuts,1
alexraikos,1
ellison,1
kathleen,1
wilson,1
thompson,1
ianreytamayo,1
evian,1
bottled,1
naive,1
coincidences,1
korey_irl,1
vioblet,1
quantized,1
quarks,1
muster,1
tylertrench31,1
chima_saboyo,1
matt,1
debord,1
models,1
illustration,1
keukenfiets,1
rendered,1
walkway,1
newprofilepic,1
pointy,1
taller,1
thicker,1
skins,1
wrinkle,1
curving,1
rendering,1
viewport,1
paulojvn,1
berthed,1
kzooastro,1
moose,1
sculpture,1
bargain,1
host,1
occasionally,1
toccata,1
fugue,1
robbery,1
carpet,1
volt,1
nissan,1
leaf,1
gadget,1
instance,1
multiverse,1
smh,1
belong,1
trickle,1
flood,1
pouring,1
keego73,1
split,1
cream,1
performs,1
fancypantless,1
rogan,1
describes,1
zeebrugge,1
rocketisfine,1
sexy,1
exceeding,1
carmakers,1
ranked,1
satisfying,1
foundry,1
casting,1
manifold,1
justin,1
roiland,1
annualized,1
loading,1
hosted,1
smith,1
sparks,1
relight,1
frankly,1
valuable,1
censoring,1
ripley,1
gently,1
reduction,1
toast,1
kitchen,1
jamming,1
marley,1
ikichullo,1
specs,1
proximity,1
halsell_garrett,1
factors,1
effectively,1
stalls,1
angara,1
vaporize,1
revenge,1
rebirth,1
beijing,1
refundable,1
flashed,1
teaser,1
principle,1
some1gg,1
transpiration,1
erosion,1
refurbishment,1
buidlhodl,1
tariffs,1
mentally,1
fatigued,1
commuting,1
enjoyment,1
rstefani11,1
purchased,1
wire,1
harness,1
mired,1
challenge,1
officials,1
label,1
emojis,1
wildly,1
yungjake,1
bloodpop,1
vary,1
rulz,1
tom_heats,1
reporting,1
tethered,1
appear,1
vigilance,1
processes,1
lifted,1
tether,1
tasks,1
redundancy,1
falcons,1
maldeshreyas,1
substantially,1
johankyu7,1
rebrand,1
lämpe,1
edit,1
lamp,1
sheeple,1
thug,1
rürl,1
lœf,1
lofe,1
d_svtrs,1
senior__hunter,1
milady,1
alchemy,1
leafblower,1
flammable,1
ignoring,1
automakers,1
francisco,1
thereafter,1
hong,1
summarizes,1
print,1
deepfake,1
og,1
malcolm,1
gladwell,1
futures,1
jk,1
ethereum,1
goat,1
wanting,1
finnish,1
upside,1
bravehearttexas,1
shoulda,1
imagined,1
concluded,1
spiderwee,1
artstation,1
cgpgrey,1
loneliest,1
teasing,1
u3k,1
moderate,1
finale,1
mayapolarbear,1
activation,1
heaviest,1
terabit,1
grateful,1
unity,1
mycatnameisshad,1
cathode,1
cobalt,1
alloying,1
knives,1
forks,1
toxins,1
cleans,1
travels,1
billm_hb,1
endorsements,1
pedals,1
interact,1
buttons,1
controllers,1
interconnected,1
popping,1
advantage,1
lanes,1
folding,1
sail,1
tron,1
marialauraadr,1
meme0boi,1
bee,1
atgeico,1
crucial,1
catgirls,1
signalapp,1
arenpageler,1
nws,1
warnings,1
awareness,1
outage,1
relativistic,1
toof,1
trials,1
discernible,1
formed,1
reproach,1
bees,1
metaphorical,1
concept,1
footwear,1
clothing,1
chariot,1
papyrus,1
shit,1
pharaoh,1
amir_sarrafi,1
taxis,1
mileage,1
neumann,1
stonk,1
buggy,1
s8n,1
itwiggled,1
musket,1
lc,1
datklow,1
syndicalism,1
mug,1
kickber,1
iago,1
socio,1
theory,1
piketty,1
docile,1
puppet,1
louis,1
haggle,1
properly,1
warned,1
typing,1
autocorrected,1
recursive,1
ants,1
bakunin,1
duncan,1
throw,1
pillow,1
bag,1
escobar,1
stole,1
spaceballs,1
sideways,1
graham,1
infinity,1
irrelevance,1
shinseki,1
benefit,1
bliss_hughes,1
opened,1
eastern,1
alcohol,1
goodbye,1
livingstone,1
immersive,1
cinematic,1
comfy,1
surround,1
audio,1
fairies,1
frazetta,1
encounter,1
piercing,1
appointments,1
fates,1
expert,1
teletub,1
guity,1
isacan2358,1
suppose,1
ginger,1
rogers,1
acflores91,1
windbreak,1
lookin,1
fad,1
acf3301,1
surrealism,1
babe,1
fancy,1
thfromourstar,1
edgy,1
hashtags,1
abomination,1
nuking,1
converts,1
bills,1
anytime,1
relaunched,1
kilometer,1
immense,1
thermonuclear,1
decorating,1
refers,1
explosions,1
radioactive,1
reflector,1
peaker,1
rusty,1
sands,1
arm,1
gantry,1
enter,1
depart,1
dronship,1
folded,1
panama,1
canal,1
igniters,1
inspected,1
doorstep,1
r2d2,1
hadouken,1
unequivocally,1
instant,1
producing,1
remainder,1
waiving,1
laps,1
nerdburgering,1
taycan,1
thee,1
thy,1
kwm,1
sland,1
laguna,1
seca,1
customize,1
engage,1
negotiations,1
lawyers,1
thecriticofvg,1
droid,1
tatooine,1
daimler,1
stacks,1
secrets,1
settings,1
swarms,1
manipulate,1
inhabit,1
meanwhile,1
ss4adrian,1
polished,1
rosetta,1
armageddon69,1
customized,1
coconuts,1
browserdotsys,1
iceberg,1
compatible,1
stuart,1
russell,1
karaoke,1
dignity,1
sara_boutall,1
orange,1
powerpacks,1
fries,1
devil,1
subscription,1
oscar,1
rewatch,1
insanely,1
lead,1
headlights,1
offline,1
pg,1
carrot,1
stick,1
execution,1
q3,1
gaap,1
financial,1
roofs,1
dragonglass,1
sandwich,1
facts,1
flcnhvy,1
piano,1
seniors,1
pasadena,1
smile,1
planted,1
links,1
ads,1
seo,1
prioritizing,1
wildfires,1
snacks,1
downhill,1
treebeard,1
halloween,1
airborne,1
mk3,1
familiar,1
extremism,1
mpge,1
powertrains,1
innovation,1
mordor,1
pressurized,1
reecethesaxman,1
threw,1
scratch,1
endorsement,1
choosing,1
tri,1
carkuwu,1
armored,1
apc,1
franz,1
throws,1
uphill,1
bending,1
planar,1
stamp,1
marques,1
argon,1
sauce,1
spiced,1
h2o,1
dash,1
neon,1
krypton,1
odorless,1
impossibly,1
observed,1
objects,1
quantum,1
mechanics,1
smol,1
puppy,1
samtalkstesla,1
paywalls,1
spawn,1
graphics,1
confusing,1
tutorial,1
cynics,1
excuse,1
deeds,1
element,1
smiths,1
stardew,1
backgammon,1
spaceforcedod,1
starfleet,1
wiki,1
vfx,1
looper,1
calamity,1
context,1
sit,1
swipe,1
theassassin_95,1
fumes,1
dam,1
rly,1
muffin,1
catmonocle69,1
marxist,1
endure,1
suspected,1
disguise,1
carlos,1
wikigenius,1
nsfw,1
cgi,1
rquiddich,1
collapse,1
depressurized,1
toss,1
phony,1
trapped,1
fonts,1
bulletproof,1
hehehe,1
megatons,1
risky,1
nichegamer,1
theater,1
accommodations,1
necromancy,1
weld,1
doubler,1
retested,1
chairs,1
mirrored,1
reflected,1
excerpt,1
cryogenic,1
yer,1
vibbbe,1
vocals,1
austinhwade,1
spotify,1
designers,1
efficiently,1
hypersparce,1
custom,1
useable,1
sophisticated,1
combined,1
icing,1
critically,1
benign,1
iteration,1
educational,1
irrelevant,1
coding,1
mainly,1
staffing,1
supervisors,1
ethic,1
trustworthiness,1
blvd,1
simulator,1
linkedin,1
soundcloud,1
buildstarship,1
concerto,1
v1lding,1
programmed,1
cultivated,1
strawberry,1
fields,1
moderation,1
etymology,1
ascribed,1
hangry,1
anger,1
plato,1
positively,1
sustainability,1
neighborhoods,1
tours,1
preface,1
emmonstein,1
tend,1
slide,1
roughness,1
accumulates,1
g_d_photographr,1
aspect,1
midsection,1
terminus,1
trantor,1
vitamin,1
emerald,1
beating,1
senses,1
stated,1
unlocked,1
fka,1
sections,1
sticker,1
integration,1
circumferential,1
fronius,1
attachment,1
cones,1
hearts,1
angel,1
flextape,1
bernie,1
sleeving,1
coronavirus,1
mrebuzz,1
woofers,1
gigafatory,1
trevorcochran2,1
bands,1
sponsorship,1
sucking,1
striving,1
wacktivism,1
condemnation,1
morality,1
weapon,1
manipulation,1
mutually,1
reward,1
scouting,1
teslatunity,1
chloroquine,1
hydroxychloroquine,1
allocate,1
expense,1
illnesses,1
matches,1
polygon,1
rhyme,1
abysmal,1
autocorrect,1
memesphere,1
domestic,1
medtronic,1
proves,1
ducked,1
awetoekreqt,1
sn3,1
donations,1
antibody,1
refill,1
donors,1
renatakonkoly,1
logarithm,1
graphs,1
patients,1
warehouse,1
catchy,1
tune,1
resonator,1
forumtesla,1
arena,1
profound,1
differences,1
technologists,1
subtly,1
curvature,1
requests,1
icu,1
wards,1
specifications,1
admoflibertalia,1
levitan,1
combining,1
cpap,1
comfortable,1
positioning,1
intubation,1
caputo,1
lifetime,1
mortality,1
herd,1
immunity,1
mothership,1
mythic,1
quest,1
mttd,1
hiromichimizuno,1
docs,1
arbiter,1
sanctimonious,1
snowing,1
bravo,1
classifying,1
forced,1
isolation,1
hhs,1
crashed,1
chhs,1
empty,1
guillotineluv,1
nfdguy,1
gf,1
stipulation,1
gene,1
wilder,1
torn,1
spangled,1
glare,1
bombs,1
bursting,1
possessions,1
sumption,1
interacts,1
virtually,1
pokémon,1
pac,1
mario,1
wishing,1
philosophically,1
ipso,1
alameda,1
arrested,1
mother,1
mothers,1
johnnaaaaaaaaaa,1
napoleon,1
remarkable,1
attempts,1
oh_gee_man,1
famous,1
brumaire,1
famously,1
repeats,1
tragedy,1
farce,1
marxism,1
dayquil,1
nyquil,1
pill,1
shun,1
goombaguts,1
saulright2017,1
hampshire,1
skies,1
theemcon,1
nine,1
gerontocracy,1
weed,1
felony,1
pandemic,1
stankonia,1
workplace,1
recycled,1
lasting,1
deployments,1
emission,1
acount,1
charts,1
wort,1
aeax,1
card,1
hired,1
superheavy,1
spaceports,1
juneteenth,1
henceforth,1
jacobelliotc,1
souldog,1
tentative,1
midbay,1
dates,1
steals,1
gta,1
hentesla,1
cybertruckn,1
geekwire,1
repost,1
humanly,1
materials,1
ethically,1
acronym,1
fabulous,1
radiant,1
satin,1
wears,1
harassment,1
discourse,1
rok,1
jordannconroy,1
johnna,1
fireworks,1
korolev,1
valued,1
sealing,1
inductive,1
mgmt,1
negativity,1
kann,1
noch,1
keinen,1
löffel,1
benutzen,1
teslatrey,1
upgrading,1
steep,1
slopes,1
gaslight,1
tianwen,1
guillotine,1
poseurs,1
jammed,1
gills,1
earmarks,1
meets,1
blunt,1
creates,1
universal,1
iamjamiefoxx,1
pronouns,1
kapital,1
nutshell,1
gates,1
lovers,1
pyramid,1
tallest,1
eight,1
assured,1
acquisition,1
plasma,1
wonderofscience,1
sn7,1
alloy,1
burst,1
sn,1
patch,1
joining,1
seattle,1
acceptable,1
candidates,1
trash,1
victors,1
exaflop,1
fp32,1
exploding,1
milestones,1
aloha,1
chute,1
closing,1
swiftly,1
percentage,1
underrated,1
strikes,1
polynesian,1
speakers,1
gpt,1
simon,1
inherently,1
kafkaesque,1
metaphor,1
slashdot,1
lengthy,1
olde,1
skoole,1
synthesizer,1
rutherford,1
conceptual,1
telepathy,1
penn,1
fermilab,1
homework,1
mannschaft,1
vielen,1
dank,1
für,1
ihre,1
hervorragende,1
arbeit,1
bombard,1
photons,1
emits,1
ak,1
comme,1
bitte,1
arbeiten,1
sie,1
bei,1
es,1
wird,1
spaß,1
machen,1
community,1
checkouts,1
warp,1
hugged,1
embrace,1
speedrunning,1
factorio,1
achievement,1
physiology,1
incorrectly,1
overlooked,1
declined,1
intend,1
lg,1
catl,1
foresee,1
shortages,1
umutcnbostanci,1
difficulty,1
scaling,1
prototypes,1
atv,1
accommodating,1
quarters,1
centaur,1
bow,1
booty,1
orionsgauntlet,1
young,1
frankenstein,1
hollywood,1
financials,1
socs,1
twin,1
analogy,1
fails,1
illuminaughty,1
gauntlet,1
thrown,1
prophecy,1
fulfilled,1
roomy,1
winston,1
møtør,1
trèndé,1
dna,1
sequencing,1
synthetic,1
bugs,1
inform,1
mate,1
clock,1
sometime,1
mayo,1
salty,1
sperm,1
clinic,1
homantse28,1
eaten,1
jitb,1
teriyaki,1
bowl,1
footstool,1
catgirl,1
participation,1
ace,1
guns,1
phantom,1
browser,1
privilege,1
blessed,1
detection,1
n1,1
n3,1
genes,1
dana_e_morgan,1
approximate,1
knowledge,1
symptoms,1
accuracy,1
sars,1
carousel,1
bogus,1
negative,1
nurse,1
antigen,1
bd,1
thermodynamics,1
win,1
shakes,1
fist,1
propulsively,1
rona,1
obviates,1
nullius,1
verba,1
royalsociety,1
cobra,1
kai,1
afb,1
worldandscience,1
goals,1
transition,1
thebabylonbee,1
savage,1
scientist,1
discovering,1
truths,1
demolition,1
prometheus,1
unbound,1
gespräch,1
mathias,1
döpfner,1
orifice,1
decrypted,1
switchover,1
heavens,1
hehe,1
ppl,1
controlled,1
jingles,1
optimistically,1
surviving,1
footprint,1
ranges,1
observer,1
participants,1
domino,1
saxon,1
mus,1
protec,1
practicing,1
legalize,1
performing,1
resupp,1
limiter,1
eighth,1
unfavorable,1
seco,1
rideshare,1
operators,1
seeking,1
gamestonk,1
knit,1
wool,1
marvin,1
helm,1
etsy,1
apologists,1
vestigial,1
trap,1
corpo,1
retrospect,1
sunny,1
snowy,1
alert,1
mis,1
filled,1
everyday,1
spherex,1
galaxies,1
explore,1
destroyer,1
sandstorm,1
masterpiece,1
method,1
lows,1
gigachad,1
lessons,1
kingdom,1
yolt,1
restaurants,1
sjm,1
hodl,1
rainforests,1
ogecoin,1
instructional,1
manage,1
toddler,1
hodler,1
lunar,1
ox,1
underdoge,1
fi,1
kremlinrussia_e,1
holders,1
coins,1
concentration,1
void,1
ercot_iso,1
pegged,1
pegging,1
hypernominalization,1
meta4,1
speeds,1
androids,1
spac,1
legendary,1
item,1
drug,1
regretamine,1
pop,1
regrets,1
wondered,1
melt,1
cookie_esq,1
earns,1
iihs,1
thence,1
scammers,1
dearmoon,1
valhalla,1
cybervikings,1
availability,1
complacency,1
appropriately,1
internally,1
egod,1
doubling,1
mature,1
carnot,1
revoked,1
sufficient,1
btc,1
anagram,1
dogematic,1
origin,1
romans,1
appease,1
sirius,1
sultry,1
woketopia,1
puckish,1
rogue,1
resistanceisfutile,1
homo,1
sapiens,1
raves,1
suppo,1
nfts,1
nft,1
sn11,1
struggled,1
acerbic,1
alliteration,1
bullshit,1
baffles,1
brains,1
operates,1
nodes,1
retained,1
fogdo,1
scandal,1
elongate,1
defy,1
defi,1
epavlic,1
minimalduck,1
better_e,1
wholesome,1
cameron,1
schools,1
revitalization,1
hiring,1
technicians,1
builders,1
kinds,1
nicheman,1
superpower,1
appealing,1
audiences,1
sick,1
urgent,1
relocation,1
amaze,1
conspiracy,1
theorists,1
heartwarming,1
unequivocal,1
allergic,1
reaction,1
epipen,1
cufflinks,1
twitch,1
telepathically,1
implanted,1
charges,1
wirelessly,1
shunt,1
neuron,1
clusters,1
paraplegics,1
paralysis,1
smartphone,1
thumbs,1
blimps,1
mechazilla,1
meth,1
consumed,1
shrek,1
barking,1
petit,1
nasaartemis,1
animals,1
rehearsal,1
activities,1
eye,1
downrange,1
wea,1
diamandis,1
advertised,1
unlock,1
breaker,1
install,1
seamless,1
dropouts,1
separated,1
reallifestarman,1
soar,1
sn15,1
dogefather,1
unsupervised,1
optical,1
imagers,1
seventh,1
lan,1
merge,1
villains,1
throwing,1
james,1
bond,1
astrovicglover,1
astro_illini,1
shannon,1
walker,1
astro_soichi,1
deco,1
reenter,1
strapped,1
hatches,1
drago,1
perform,1
maythe4thbewithyou,1
multiplanet,1
starring,1
miley,1
cyrus,1
caution,1
digits,1
mooooonnn,1
wario,1
writers,1
pleasure,1
monologue,1
devs,1
transaction,1
configurator,1
hungary,1
romania,1
fifth,1
microns,1
millimeters,1
fees,1
phases,1
submit,1
dogecoin_devs,1
gigaberlinart,1
reflown,1
thots,1
surpassed,1
globally,1
highbay,1
tweak,1
resonance,1
deimos,1
astrobehnken,1
astro_doug,1
axiom_space,1
crews,1
thereof,1
quickest,1
canceled,1
sxm,1
joy,1
klwtts,1
esoteric,1
kindred,1
philip,1
dick,1
joke,1
pluto,1
uranus,1
dichotomy,1
jay,1
leno,1
famoso,1
tes,1
father,1
teslacn,1
longest,1
thesilkroute,1
shout,1
polar,1
users,1
strategically,1
floki,1
m_tijn,1
accidentally,1
epicrocketrender,1
launchtower,1
blender3d,1
gendering,1
bless,1
britney,1
shock,1
podcast,1
tropic,1
thunder,1
ensures,1
michelle0728,1
represents,1
ark,1
cybrrrtruck,1
inspiration4x,1
generosity,1
prosperity,1
leadership,1
smiles,1
inspiration4,1
withstand,1
storms,1
branches,1
autonomously,1
endeavour,1
relocates,1
space_statio,1
